Time (s), x_rear(m), y_rear(m), yaw(deg)
7.152557373046875e-07, 0.0005158962847133797, 0.0018019488988116061, 9.059273709904028
0.10086894035339355, 0.0007496135153831629, 0.003822695354067665, 9.059273709904028
0.20009565353393555, 0.0005796373392391585, 0.0023530613558722796, 9.059273709904028
0.2999601364135742, 0.001711355398202663, 0.0001743906566043646, 9.059273709904028
0.3999171257019043, -0.0013199537265656813, -0.0007781446666919462, 9.059273709904028
0.4999849796295166, -0.00261866249943965, -0.0013725828544651208, 9.059273709904028
0.5999908447265625, -0.0001699761761440044, -0.0014696339981953993, 9.059273709904028
0.7000272274017334, -0.0021877451256310243, -0.0003054534150324778, 9.059273709904028
0.8002078533172607, -0.0016233868653553474, -0.0007430499598345824, 9.059273709904028
0.8999574184417725, 0.002145251238391044, -6.195522401795939e-05, 9.059273709904028
1.0000081062316895, 0.0014291693759694857, 0.00039318965877635503, 9.059273709904028
1.0999505519866943, 0.0009982610824856852, -0.0006739429326835522, 9.059273709904028
1.1999340057373047, 0.0017143428296163554, -0.001129087799337486, 9.059273709904028
1.300008773803711, 0.0026428903374664525, 0.0002528119842214738, 9.059273709904028
1.3999695777893066, 0.004876119152132485, -0.000377804279281177, 9.059273709904028
1.5000011920928955, -0.0026824036830885856, -0.0019236962338538138, 9.057904114352377
1.5999884605407715, -0.002078524979878038, -0.0006904090524230966, 9.057904114352377
1.6999855041503906, -0.0013624475999733932, -0.0011455523672739693, 9.057904114352377
1.7999708652496338, -0.0014049416532337933, -0.0015129605128796214, 9.057904114352377
1.9001026153564453, 0.001086234176243761, -0.0012426024042248018, 9.057904114352377
1.9999229907989502, 0.00047638742160827086, 0.00013106308123582433, 7.241005931750826
2.1000235080718994, 0.0005431182410319257, -0.0006213013635162634, 7.241005931750826
2.2000133991241455, 0.0012591931859934347, -0.0010764452778874306, 7.241005931750826
2.300032377243042, 0.0003276582467297562, -0.0011548666055045398, 7.241005931750826
2.3999900817871094, -0.0005826317665066361, -0.0010495833311396918, 7.241005931750826
2.4999701976776123, -0.0020360309773471696, -0.00032300042951305397, 7.241005931750826
2.5999913215637207, -0.0012987066607386133, -0.0005944398940729151, 7.241005931750826
2.6999480724334717, 0.00043688324853674576, -0.0015398219823229697, 7.241005931750826
2.8001959323883057, 0.0013654281923206613, -0.00015792372061232407, 7.241005931750826
2.899982213973999, 0.0008010653849663818, 0.00027967393096921256, 7.241005931750826
3.000040292739868, 0.002208992242187402, 0.0004891577103471184, 7.241005931750826
3.099982738494873, 0.000582622672349542, 0.0010495855446985558, 7.241005931750826
3.200050115585327, 0.0019238256414391142, 0.0020114337388738024, 7.241005931750826
3.2999444007873535, 0.004502972489436541, 0.0017131326665143082, 7.241005931750826
3.3999271392822266, 0.002321195272275478, -0.001199275276205919, 7.241005931750826
3.4998371601104736, -0.0001699761761440044, -0.0014696339981953993, 7.241005931750826
3.5998713970184326, 0.0027580832615754503, -0.0027390969818163052, 7.241005931750826
3.7001349925994873, 0.002254471268853031, -0.00044691084526819747, 7.241005931750826
3.799990177154541, 0.001325919458338487, -0.0018288086158600864, 7.241005931750826
3.9000425338745117, 0.0030797710219370167, -0.00128701151994981, 7.241005931750826
4.000063896179199, 0.0024061833418987932, -0.0004644575692218378, 7.241005931750826
4.100046396255493, 0.003580400130324235, -0.002275720307335513, 7.241005931750826
4.2000555992126465, 0.004199546268107035, 0.0017482264049485385, 7.241005931750826
4.299905776977539, 0.0030342943149235246, -0.0003509423486738189, 7.241005931750826
4.39998984336853, 0.003704892308457497, 0.00012998200204336618, 7.241005931750826
4.499966144561768, 0.005285780559641795, 0.0005056239845833352, 5.425939350253731
4.59993577003479, -0.0007738547640634419, -0.0027029211957664903, 5.419105212614043
4.699980020523071, 0.0011317113213559216, -0.0021786692858211457, 5.419105212614043
4.799945592880249, 0.0015626262602215224, -0.001111540445908804, 5.419105212614043
4.90005087852478, 0.0005885952570210407, -0.0015573691674406129, 5.419105212614043
5.00004243850708, 0.0009315373096452362, 7.842146597340782e-05, 5.419105212614043
5.099985122680664, 6.672614322200676e-05, -0.0007523642603006683, 5.419105212614043
5.199989080429077, 0.00288556514004501, -0.00163687203541419, 5.419105212614043
5.299929141998291, 0.005573936925287959, -0.002320128945756117, 5.419105212614043
5.400099277496338, 0.004099279184081817, -0.001777248741545931, 5.419105212614043
5.50005841255188, 0.0011499752307695399, -0.0006914899471641353, 5.419105212614043
5.600064039230347, 0.003055541251627436, -0.00016723849838280042, 5.419105212614043
5.700115203857422, 2.985203987226903e-06, -0.0013034767335017225, 5.419105212614043
5.799954414367676, 0.0015443669117185532, -0.002598719952876846, 5.419105212614043
5.899937152862549, 0.00251540803473016, -0.0008494143133918886, 5.419105212614043
5.999998092651367, 0.0016506019042136222, -0.0016801993340701399, 5.419105212614043
6.09993052482605, 0.0013926504576147192, -0.002581172615588552, 5.419105212614043
6.199996471405029, 0.0011712222320349186, -0.000507785635709114, 5.419105212614043
6.300024032592773, 0.0012834254696397762, -0.0021962163003017288, 5.419105212614043
6.399871587753296, -0.0017691260309218304, -0.003332455642200083, 5.419105212614043
6.500027418136597, -0.000127482058322137, -0.0011022253914257374, 5.419105212614043
6.599934339523315, 0.0010224932370089812, -0.001793714877425863, 5.419105212614043
6.700046062469482, 0.0012834254696397762, -0.0021962163003017288, 5.419105212614043
6.8000099658966064, 0.0029250741184411178, 3.401376602119727e-05, 5.419105212614043
6.899938583374023, 0.003984093177432868, 0.0012146592560687078, 5.419105212614043
6.999980926513672, 0.006417496105268539, -0.0016730487138372774, 3.5929120853676872
7.100022077560425, 0.004293487436355381, -0.0014273880877252593, 3.5929120853676872
7.199872732162476, 0.004138790468298015, -0.00010636326291825482, 3.5929120853676872
7.299955368041992, 0.005874380068597751, -0.0010517467185199442, 3.5929120853676872
7.39993953704834, 0.004618165155299447, -0.001278778144179496, 3.5929120853676872
7.499957323074341, 0.0031252503575781576, -0.0022230787082134773, 3.5929120853676872
7.599996328353882, 0.003580400130324235, -0.002275720307335506, 3.5929120853676872
7.699981689453125, 0.005313000081017205, -0.0019176268772648289, 3.5929120853676872
7.800037384033203, 0.0030585240345035736, -0.001470714892936431, 3.5929120853676872
7.900042772293091, 0.005400973354627747, -0.0024862859037824564, 3.5929120853676872
7.9999847412109375, 0.00589562718515424, -0.0008680424232053105, 3.5929120853676872
8.099985122680664, 0.005528455348388306, -0.0013840609735207288, 3.5929120853676872
8.199982166290283, 0.007306539131071488, -0.0019620353611887534, 3.5929120853676872
8.300099611282349, 0.008671972050323218, -0.0021199597435568943, 3.5929120853676872
8.399983644485474, 0.007437004202851871, -0.002163286396597415, 3.5929120853676872
8.499855518341064, 0.003516659011236878, -0.0028268332255601894, 3.5929120853676872
8.59993314743042, 0.0036926031742443577, -0.003964152355420143, 3.5929120853676872
8.69998812675476, 0.001265168219440116, -0.0036833984520379115, 3.5929120853676872
8.799976348876953, 0.0010254760706146504, -0.003097191749283884, 3.5929120853676872
8.9000563621521, 0.0031707341111748555, -0.003159147925584589, 3.5929120853676872
9.000032424926758, 0.00518253046215833, -0.0017163747350767283, 3.5929120853676872
9.099944114685059, 0.0049640899907998914, -0.000946463905319106, 3.5929120853676872
9.200023651123047, 0.006308273538404574, -0.0012880927374985598, 3.5929120853676872
9.29992127418518, 0.004879102050299733, -0.0016812806899751814, 3.5929120853676872
9.399967432022095, 0.005464714344591948, -0.0019351739078857927, 3.5929120853676872
9.499987125396729, 0.0003518951789134306, -0.0022746396893070647, 3.5929120853676872
9.599913120269775, 0.0017810691019615188, -0.0018814511373101347, 1.7820345866629603
9.699984550476074, 0.003016030031972705, -0.0018381235158464737, 1.7820345866629603
9.799972534179688, 0.0035986571868392714, -0.0007885395390913527, 1.7820345866629603
9.899963140487671, 0.0030130472490965676, -0.0005346471212928465, 1.7820345866629603
9.999873638153076, 0.00452720463012779, 0.0005933597833036007, 1.7820345866629603
10.099930763244629, 0.00570141885448705, -0.0012179044766583956, 1.7820345866629603
10.19984745979309, 0.007215578476776785, -8.989835603366927e-05, 1.7820345866629603
10.299813032150269, 0.008620515518370397, 0.0014230628024613778, 1.7820345866629603
10.399831533432007, 0.006086850427125201, 0.0007852963476091129, 1.7820345866629603
10.499807834625244, 0.0011924692978619866, -0.0003240808630900864, 1.7820345866629603
10.59993577003479, 0.0034044511112626408, -0.001138401438047755, 1.7820345866629603
10.699970006942749, 0.0022514863092798487, 0.0008565667944211638, 1.7820345866629603
10.799970149993896, 0.005395000756124202, 0.00012066786988831901, 1.7820345866629603
10.899913549423218, 0.005865422381397978, 0.0028586837725121696, 1.7820345866629603
11.000033855438232, 0.004178299202280078, 0.001564521632329504, 1.7820345866629603
11.100020408630371, 0.007273351609000556, 0.00306816769024636, 1.7820345866629603
11.199983358383179, 0.008204886432973235, 0.0031465890340038605, 1.7820345866629603
11.299935579299927, 0.0062568264879782065, 0.0022549303619448895, 1.7820345866629603
11.39995265007019, 0.0071428842821297245, 0.0032694185711583425, 1.7820345866629603
11.50001072883606, 0.005285780559641795, 0.0005056239845833387, 1.7820345866629603
11.600095510482788, 0.004202531458262215, 0.0004447487329784054, 1.7820345866629603
11.70002031326294, 0.005479988825747517, 0.000855485576872414, 1.7820345866629603
11.800060510635376, 0.006105112224403353, 0.0022724773925658567, 1.7820345866629603
11.900013208389282, 0.006693707416862815, 0.0007151077639612341, 1.7820345866629603
11.999943733215332, 0.004912640620721387, 0.0025965585784636577, 1.7820345866629603
12.099921703338623, 0.007837714480916302, 0.0026305704998288272, -0.024272935016238506
12.19994592666626, 0.007033659474007248, 0.003654375331468786, -0.024272935016238506
12.300013780593872, 0.005255575755885533, 0.004232350180300818, -0.024272935016238506
12.39999532699585, 0.0033984764513531607, 0.001468553564618365, -0.024272935016238506
12.499953508377075, 0.004703153275652183, -0.0005439609144997988, -0.024272935016238506
12.59998893737793, 0.004096296401205568, -0.0004737723469923083, -0.024272935016238506
12.700135469436646, 0.004135805135187631, 0.001197112548255452, -0.024272935016238506
12.799920320510864, 0.0032072532093821993, -0.0001847852061960576, -0.024272935016238506
12.899991273880005, 0.0059623533145442, -0.0016204076219743795, -0.043365212782660936
13.000003814697266, 0.0035714376516318147, 0.001634710384288412, -0.043365212782660936
13.100025177001953, 0.006915135089052837, -0.0013582814894574666, -0.043365212782660936
13.199984073638916, 0.005570949286357596, -0.0010166528117746929, -0.043365212782660936
13.299980640411377, 0.007737452137654199, -0.0008949043699530498, -0.043365212782660936
13.399955034255981, 0.004687878937451817, -0.00333461853846159, -0.043365212782660936
13.499930381774902, 0.0026276158055814625, -0.0025378470232323377, -0.043365212782660936
13.59988284111023, 0.005203777449591662, -0.0015326713620901098, -0.024272935016238506
13.69992995262146, 0.003468192230349887, -0.0005872885198230755, -0.024272935016238506
13.800056457519531, 0.004621155100049901, -0.002582254600968636, -0.024272935016238506
13.899864196777344, 0.003862579235097363, -0.002494518341084366, -0.024272935016238506
14.000112056732178, 0.005055048454565725, -0.0028186006038068605, -0.024272935016238506
14.100155591964722, 0.003665387941701348, -0.001540904445007445, -0.024272935016238506
14.199930429458618, 0.005743912921579386, -0.0008504953925843441, -0.024272935016238506
14.29995846748352, 0.006918120357601643, -0.002661757761795184, -0.024272935016238506
14.399901390075684, 0.004487700198810063, -0.0010775271249112235, -0.024272935016238506
14.499873638153076, 0.0050975425216580605, -0.00245119151973281, -0.024272935016238506
14.599907875061035, 0.004423959195013816, -0.001628640059276288, -0.024272935016238506
14.699888467788696, 0.001432154335542668, -0.0009102879809129941, -0.024272935016238506
14.799978971481323, 0.002321195272275478, -0.001199275276205925, -0.024272935016238506
14.899979829788208, 0.003122265024467885, -0.0009196028970397654, -0.024272935016238506
15.000039339065552, 0.0023849362760718362, -0.0006481623418408603, -0.024272935016238506
15.100067138671875, 0.0013896603330117996, -0.0012776966038230372, -0.024272935016238506
15.199991941452026, 0.0032709942131784464, 0.0003663277281690069, -0.010774772677596469
15.299915790557861, 0.004308766464589442, 0.0013632702902535141, -0.010774772677596469
15.39991807937622, 0.005200792439289059, -0.00022919324509636298, -0.010774772677596469
15.499869585037231, 0.0020602630534768407, -0.0007967729148616604, -0.010774772677596469
15.599899530410767, 0.0006310891949903308, -0.0011899610056945796, -0.010774772677596469
15.699926137924194, 0.0032285002752091563, -1.0804335770287009e-06, -0.010774772677596469
15.800076484680176, 0.004311749362756689, 5.97938795595021e-05, -0.010774772677596469
15.900007724761963, 0.0038566111836723094, 0.00011243432580697766, -0.010774772677596469
15.999938249588013, 0.002821824136248652, -0.0021879849697792543, -0.010774772677596469
16.099909782409668, 0.0043754904818439355, 0.000610906797784181, -0.010774772677596469
16.20007038116455, 0.006020124233173663, 0.0015376610852141722, -0.010774772677596469
16.299941539764404, 0.006086850427125201, 0.0007852963476091113, -0.010774772677596469
16.39998769760132, 0.005613443404179463, -0.0006492442050050354, -0.010774772677596469
16.499947547912598, 0.002124004057273088, -0.00024565998049659577, -0.010774772677596469
16.599971055984497, 0.002536655100557228, -0.0006657095407728604, -0.010774772677596469
16.699923515319824, 0.002991800132540079, -0.0007183514166074823, -0.010774772677596469
16.800092697143555, 0.003119282370714682, 0.00038387441984187544, -0.010774772677596469
16.900073289871216, 0.003180038299646859, 0.0022384650100366796, -0.010774772677596469
17.000077962875366, 0.004718427613852549, 0.0022466967094619925, -0.010774772677596469
17.099977493286133, 0.0037868975952045636, 0.002168276103581091, -0.010774772677596469
17.199968814849854, 0.0059533955904469416, 0.0022900242848305306, -0.010774772677596469
17.299949645996094, 0.004894376388500099, 0.001109376933986609, -0.010774772677596469
17.40003228187561, 0.005713705812003145, 0.0028762311259408493, -0.010774772677596469
17.500030040740967, 0.001972292164079903, -0.00022811281151933422, -0.002691717228173101
17.59995150566101, 0.003122265024467885, -0.0009196028970397654, -0.002691717228173101
17.700007915496826, 0.0037958529627521997, -0.0017421550031117131, -0.002691717228173101
17.799920558929443, 0.003641151304661139, -0.0004211309323216938, -0.002691717228173101
17.899903059005737, 0.003164759091560221, -0.000552193812965715, -0.002691717228173101
18.00002670288086, 0.0049640899907998914, -0.0009464639053191036, -0.002691717228173101
18.100237369537354, 0.005091572228974606, 0.0001557619311302542, -0.002691717228173101
18.200273036956787, 0.004269255295664243, -0.0003076152045145484, -0.002691717228173101
18.299878358840942, 0.0049853370566269595, -0.0007627591327000747, 0.02801550099722737
18.399891138076782, 0.0016051202120229702, -0.0007441313456943658, 0.02801550099722737
18.500041961669922, 0.0024546524286057636, -0.002704002597766656, 0.02801550099722737
18.600003004074097, 0.002691356938500866, -0.001986733166539258, 0.02801550099722737
18.699986219406128, 0.002451667095495491, -0.0014005267865929466, 0.02801550099722737
18.799898147583008, 0.0033861870081643985, -0.0026255821601967877, 0.02801550099722737
18.90000629425049, 0.003707881879670749, -0.0011734962832614091, 0.02801550099722737
18.99989342689514, 0.003556163069017404, -0.0011559481458610086, 0.02801550099722737
19.09995985031128, 0.0035319334139988223, -3.6175140434389105e-05, 0.02801550099722737
19.1999773979187, 0.004748636964687303, -0.0014800305930349213, 0.02801550099722737
19.299968957901, 0.005243286377258349, 0.00013821491664967273, 0.02801550099722737
19.39997625350952, 0.0028158515377451065, 0.0004189688038915228, 0.02801550099722737
19.500009536743164, 0.0013471664596039767, -0.0016451043044050655, 0.02801550099722737
19.59993600845337, 0.0026671222983050136, -0.0008669613440128565, 0.02801550099722737
19.699920654296875, 0.0032982162340584598, -0.0020569220729948472, 0.02801550099722737
19.799964666366577, 0.001799330963801249, -0.0003942696311893812, 0.02801550099722737
19.899858236312866, 0.002233224203026074, -0.0006306156178872205, 0.02801550099722737
19.999969720840454, 0.003534916118481446, -0.0013396529346204231, 0.02801550099722737
20.099914073944092, 0.0037473863109883654, 0.000497390624953414, 0.02801550099722737
20.199886083602905, 0.0049853370566269595, -0.0007627591327000747, 0.02801550099722737
20.299917697906494, 0.004979364393561836, 0.0018441941798066949, 0.02801550099722737
20.399916410446167, 0.0025579022171136057, -0.0004820052454582245, 0.02801550099722737
20.499906063079834, 0.0024486772798680834, -9.704940747579563e-05, 0.02801550099722737
20.599937915802002, 0.002409173042235091, -0.0017679349321985966, 0.02801550099722737
20.70000147819519, 0.0038595939527165113, -0.001191043007215049, 0.02801550099722737
20.799934148788452, 0.0028583456693990206, 0.0007863783491295808, 0.02801550099722737
20.899980068206787, 0.004439231241226138, 0.0011620188259616165, 0.02801550099722737
20.999942302703857, 0.004141773057489528, -0.0014098410409639063, 0.02801550099722737
21.099923133850098, 0.004226761177842375, -0.0006750238112842058, 0.02801550099722737
21.199833393096924, 0.004290502310761779, -0.00012390995459112637, 0.02801550099722737
21.29984211921692, 0.0055862236891195405, 0.0017740052733511058, 0.02801550099722737
21.399911165237427, 0.006235579357589671, 0.0020712251281618547, 0.02801550099722737
21.499844789505005, 0.007343060714951388, 0.0010123274804156891, 0.02801550099722737
21.599849700927734, 0.006539005578919177, 0.002036131389727633, 0.02801550099722737
21.699836492538452, 0.004484710627596922, 0.00022595116039355635, 0.02801550099722737
21.799940824508667, 0.004160037405001926, 7.73405873727563e-05, 0.02801550099722737
21.899861574172974, 0.003313488395561892, 0.0007337367961026719, 0.02801550099722737
21.999962329864502, 0.004008323141427073, 9.488761799372346e-05, 0.02801550099722737
22.100026845932007, 0.0056984315890937776, 8.557348583867249e-05, 0.02801550099722737
22.199862718582153, 0.005628717691650409, 0.0021414138962611495, 0.02801550099722737
22.29992699623108, 0.005783419594155514, 0.0008203907316587588, 0.0026904015239165072
22.399916172027588, 0.004572688434453909, -0.0003427099113719087, 0.0026904015239165072
22.49994206428528, -8.498812035273584e-05, -0.0007348172296797005, 0.0026904015239165072
22.59992003440857, 0.00455144131789742, -0.0005264142066865446, 0.0026904015239165072
22.699925661087036, 0.0043542433007259795, 0.0004272020413055379, 0.0026904015239165072
22.80009412765503, 0.005677184537098867, -9.813034831195598e-05, 0.0026904015239165072
22.900014638900757, 0.005892642110290058, 0.00043543523262442837, 0.0026904015239165072
22.99997305870056, 0.00682716431494701, -0.0007896214022555263, 0.0026904015239165072
23.099992036819458, 0.007239808311647833, -0.0012096709164366667, 0.0026904015239165072
23.200007915496826, 0.006238564690699944, 0.0007677493169881441, 0.0026904015239165072
23.299930095672607, 0.007670721332062702, -0.00014253898673256306, 0.0026904015239165072
23.399985313415527, 0.0077132154498845695, 0.00022486962003709428, 0.0026904015239165072
23.499919652938843, 0.004072064274346476, 0.000646001474686803, 0.0026904015239165072
23.599809169769287, 0.0029068121920398093, -0.0014531682012635613, 0.0026904015239165072
23.70003366470337, 0.003771623127881152, -0.0006223824427087155, 0.0026904015239165072
23.799991130828857, 0.002315227234682582, 0.0014076783291538193, 0.0026904015239165072
23.90004253387451, 0.0025791492183790954, -0.00029830093400320305, 0.0026904015239165072
24.000281810760498, 0.0025791492183790954, -0.00029830093400320305, 10.875719489835769
24.100265979766846, 0.0036169214836221375, 0.0006986425665497045, 0.0026904015239165072
24.19999885559082, 0.002685384339997321, 0.000620220607131519, 0.0026904015239165072
24.299936771392822, 0.003789880299687076, 0.0008647983093950566, 0.0026904015239165072
24.399938106536865, 0.005434509425544687, 0.0017915523039720733, 0.0026904015239165072
24.49992275238037, 0.003923335021074337, -0.0006399296116859771, 0.0026904015239165072
24.599899530410767, 0.0042055140612858866, -0.0008587281065988416, 0.0026904015239165072
24.699941873550415, 0.005176560298597921, 0.0008905796381143479, 0.0026904015239165072
24.800036191940308, 0.0034227084767533, 0.00034878069754803976, 0.0026904015239165072
24.9000883102417, 0.004593935384989867, -0.0001590051226124942, 0.0026904015239165072
25.000108003616333, 0.00730354943073519, -0.0006585579982119893, 0.0026904015239165072
25.100769758224487, 0.004484710627596922, 0.00022595116039356156, 0.0026904015239165072
25.20000672340393, 0.004721417507873471, 0.0009432207299772495, 0.0026904015239165072
25.299970626831055, 0.007516019494119064, 0.0011784846390338346, 0.0026904015239165072
25.399948358535767, 0.0071488523981162455, 0.0006624663654310061, 0.0026904015239165072
25.49983859062195, 0.00777397355551368, 0.0020794589650961707, 0.0026904015239165072
25.599968194961548, 0.006238564690699944, 0.0007677493169881441, 0.0026904015239165072
25.699908018112183, 0.006390276648454707, 0.0007502026091748899, 0.0026904015239165072
25.80000066757202, 0.005504223272258635, -0.00026428762914601034, 0.0026904015239165072
25.90002155303955, 0.005416247692828113, 0.00030437172017933414, 0.0026904015239165072
25.99994659423828, 0.005850148043197612, 6.802614855037795e-05, 0.0026904015239165072
26.10006809234619, 0.004399722442682608, -0.0005088665304501514, 0.0026904015239165072
26.199965238571167, 0.006435755790411335, -0.00018586596258079937, 0.0026904015239165072
26.299996852874756, 0.005671211823304323, 0.002508823441499207, 0.0026904015239165072
26.39984631538391, 0.004851882270678232, 0.0007419683272169515, 0.0026904015239165072
26.500128746032715, 0.0012774575335057214, 0.00041073635044923396, 10.875719489835769
26.599869966506958, 0.0033164733551350745, -0.0005697408435866823, 0.0026904015239165072
26.69979953765869, 0.004163020058755018, -0.0012261367295088848, 0.0026904015239165072
26.799898862838745, 0.0056376777999612715, -0.001769016933719066, 0.0026904015239165072
26.899922847747803, 0.0042055140612858866, -0.0008587281065988416, 0.0026904015239165072
26.99998712539673, 0.004053802218822122, -0.0008411814149259731, 0.0026904015239165072
27.099989414215088, 0.00682716431494701, -0.0007896214022555263, 0.0026904015239165072
27.19991445541382, 0.006824179046398204, 0.0005138548700821913, 0.0026904015239165072
27.29992175102234, 0.006457002727115246, -2.162112289785215e-06, 0.0026904015239165072
27.400207042694092, 0.006457002727115246, -2.162112289785215e-06, 0.0026904015239165072
27.5000319480896, 0.006414508673854846, -0.0003695702578954352, 0.0026904015239165072
27.60009765625, 0.005273491167182565, -0.003588512217536208, 0.0026904015239165072
27.700035333633423, 0.002648863000531465, -0.002354141328285294, 0.0026904015239165072
27.800046920776367, 0.004988322260614186, -0.0020662358662017996, 0.0026904015239165072
27.89993667602539, 0.0047698838506617935, -0.0012963262654395143, 0.0026904015239165072
27.999962329864502, 0.006305288463540393, 1.5384918331182054e-05, 0.0026904015239165072
28.09997797012329, 0.005634690405444953, -0.00046553989355001377, 0.0026904015239165072
28.20016646385193, 0.006930414361700943, 0.0014323777947089355, 0.0026904015239165072
28.299983739852905, 0.0034286811905478443, -0.002258173092263123, 0.0026904015239165072
28.399959564208984, 0.0028613329347922933, -0.0005170996133674863, 0.0026904015239165072
28.499971628189087, 0.0030797710219370167, -0.0012870115199498087, 0.0026904015239165072
28.599852085113525, 0.005179545373462102, -0.00041289801771539185, 0.0026904015239165072
28.699931621551514, 0.006390276648454707, 0.0007502026091748899, 0.0026904015239165072
28.800466299057007, 0.005176560298597921, 0.0008905796381143479, 0.0026904015239165072
28.900317192077637, 0.0063630614804732755, 0.0031734509807515975, 0.0026904015239165072
28.99996256828308, 0.006775707782994189, 0.0027534011437627443, 0.0026904015239165072
29.099929094314575, 0.005929163320632758, 0.003409796245713226, 0.0026904015239165072
29.20026159286499, 0.006687734573945225, 0.003322060631444383, 0.0026904015239165072
29.300023317337036, 0.008750987586004455, 0.001221812198261987, 0.0026904015239165072
29.39994502067566, 0.007792230676590184, 0.003566640194504336, 0.0026904015239165072
29.50023889541626, 0.004912640620721387, 0.002596558578463657, 0.0026904015239165072
29.60027813911438, 0.005240301288562121, 0.0014416916340110122, 0.0026904015239165072
29.70037317276001, 0.0059351361635503475, 0.0008028433782300786, 0.0026904015239165072
29.80069398880005, 0.0058866693826634675, 0.003042388083967191, 0.0026904015239165072
29.900377988815308, 0.0059533955904469416, 0.0022900242848305306, 0.0026904015239165072
30.000144720077515, 0.006344799554071967, 0.0016862690134668364, 0.0026904015239165072
30.10041356086731, 0.006927424352389022, 0.0027358537903340637, 0.0026904015239165072
30.200188636779785, 0.008660026802586596, 0.0030939482810890566, 0.0026904015239165072
30.29992175102234, 0.007661765835391909, 0.0037678911976322263, 0.0026904015239165072
30.400208950042725, 0.005246271452122531, -0.001165262739180067, 0.0026904015239165072
30.49999976158142, 0.007018387312503815, 0.0008637164623712671, 0.0026904015239165072
30.59999966621399, 0.009315350457920202, 0.0007842150078444536, 0.0026904015239165072
30.699950456619263, 0.012650085776353959, 0.0017016547157697388, 0.0026904015239165072
30.800036907196045, 0.017717428055166407, 0.002977189223443377, 0.0026904015239165072
30.90010380744934, 0.025558130110451605, 0.004304283128126774, 0.0026904015239165072
31.00011897087097, 0.037267727576838494, 0.009837945932812854, 0.0026904015239165072
31.100319623947144, 0.05990974362643031, 0.010197784942242607, 0.0026904015239165072
31.200246810913086, 0.05990974362643031, 0.010197784942242607, -0.02801023818174833
31.300147533416748, 0.09182426968086876, 0.0016663864326489884, -0.02801023818174833
31.400031566619873, 0.13623752485419216, 0.0041622301308496465, -0.02801023818174833
31.499948740005493, 0.1588247528971538, 6.052496086523737e-05, -0.02801023818174833
31.599926710128784, 0.1860032845029529, 0.006411335275773096, -0.02801023818174833
31.700226306915283, 0.21818540554569232, 0.01348656741067646, -0.02801023818174833
31.800147771835327, 0.2575465928198999, 0.017497537040570478, -0.002691717228173101
31.90026068687439, 0.31244940809152677, 0.018966334009205818, -0.002691717228173101
32.00104999542236, 0.35295424949988363, 0.015584725729112438, -0.02801023818174833
32.10041332244873, 0.40076299100455604, 0.02085260323487497, -0.002691717228173101
32.200324296951294, 0.4412681853843132, 0.02677903841604177, -0.002691717228173101
32.30022597312927, 0.47947307165492936, 0.024780410214728085, -0.002691717228173101
32.400004148483276, 0.47947307165492936, 0.024780410214728085, -0.002691717228173101
32.5001425743103, 0.5757544902480107, 0.019787957461176328, -0.002691717228173101
32.600213289260864, 0.6211965543777824, 0.027191177818777723, -0.002691717228173101
32.70021462440491, 0.6654215693917536, 0.02673021101167157, -0.002691717228173101
32.800243854522705, 0.716558727271871, 0.026214441371641584, -0.002691717228173101
32.90010070800781, 0.767423014206311, 0.031315081674904224, -0.002691717228173101
33.00000739097595, 0.8145428952791549, 0.03461485340453076, -0.002691717228173101
33.1001398563385, 0.8561250152425603, 0.03390107621342732, -0.002691717228173101
33.19994235038757, 0.899327534432391, 0.035233825116139914, -0.002691717228173101
33.300259590148926, 0.9456556493281618, 0.043651538898696274, -0.002691717228173101
33.40005421638489, 0.9812236251646447, 0.03879314673805123, -0.002691717228173101
33.49992513656616, 1.037124348708743, 0.03027996434318564, -0.002691717228173101
33.59994721412659, 1.0742430076606129, 0.0295239413476876, -0.002691717228173101
33.69992923736572, 1.1129369175555441, 0.041058557223734304, -0.002691717228173101
33.79993486404419, 1.1475643935806241, 0.04003217664298098, -0.002691717228173101
33.90014123916626, 1.1842066601257084, 0.039145089383346876, -0.002691717228173101
34.00028204917908, 1.2231067287364092, 0.04581565903918777, -0.002691717228173101
34.10032796859741, 1.2625163799783892, 0.04758708905919634, -0.002691717228173101
34.2000527381897, 1.3039437978502038, 0.048194337880381244, -0.002691717228173101
34.2999472618103, 1.344039323037992, 0.0532373496491034, -0.002691717228173101
34.40001463890076, 1.3871751109241695, 0.05532246541537081, -0.002691717228173101
34.49993133544922, 1.434913796955341, 0.05333814485781663, -0.002691717228173101
34.59997344017029, 1.4832626749234896, 0.05928820289630385, -0.002691717228173101
34.700271129608154, 1.5271205129033663, 0.05831122155790919, -0.002691717228173101
34.800434827804565, 1.5770532641468336, 0.06333344440041103, 0.0
34.900150299072266, 1.628196741578658, 0.06951876764151171, 0.0
34.999945640563965, 1.6738811305325392, 0.06572426762245484, 0.0
35.10001540184021, 1.71861308473891, 0.07097568529413684, 0.0
35.19992399215698, 1.7612970642697094, 0.08111800987382234, 1.8023781084091048
35.29998016357422, 1.8043296068406631, 0.08098113001254748, 1.8023781084091048
35.39992427825928, 1.844109412485535, 0.08196510315906697, 1.8023781084091048
35.499953746795654, 1.8872392314671198, 0.08665717641369086, 1.8023781084091048
35.599998474121094, 1.9157921407944425, 0.08893963553985845, 1.8023781084091048
35.70008397102356, 1.9546072275012714, 0.09487539038714837, 1.8023781084091048
35.79996156692505, 1.991981184532003, 0.10563186523739404, 1.8023781084091048
35.90000009536743, 2.0267726677271747, 0.10868207709780131, 1.8023781084091048
36.000221729278564, 2.066883121563527, 0.10720770718202716, 1.8023781084091048
36.10021662712097, 2.107175841927708, 0.11129710592167202, 1.8023781084091048
36.19996976852417, 2.1480906905853634, 0.11810697553705363, 1.8023781084091048
36.29984450340271, 2.186471871832121, 0.12427907808192229, 1.8023781084091048
36.399988412857056, 2.23404391143706, 0.12882969472488898, 1.8023781084091048
36.4999520778656, 2.287390069394519, 0.12880308922154748, 1.8023781084091048
36.60020589828491, 2.335395999960526, 0.1331173620775608, 3.609265859064126
36.70006012916565, 2.389225215796695, 0.1492309529956633, 3.609265859064126
36.799983739852905, 2.446831670034455, 0.15280716672639766, 3.609265859064126
36.90019178390503, 2.500493542106919, 0.15683960389656643, 3.609265859064126
37.000072956085205, 2.552471969271359, 0.17689048950752168, 3.609265859064126
37.10017371177673, 2.5995918485871385, 0.1801902713573828, 3.609265859064126
37.2000298500061, 2.6457801953340354, 0.1834116320179831, 3.609265859064126
37.299965620040894, 2.6913314748825936, 0.19042990915501518, 3.609265859064126
37.40007567405701, 2.731226819187306, 0.19773001969053822, 3.609265859064126
37.49995303153992, 2.7730881340337525, 0.19810092905511623, 3.609265859064126
37.599868059158325, 2.8101706126318913, 0.2036785934952396, 3.609265859064126
37.69995188713074, 2.8463975782938444, 0.2138230845682375, 3.609265859064126
37.80005741119385, 2.8853281963464514, 0.22607497829867967, 3.609265859064126
37.900294065475464, 2.9236333477272787, 0.22760183633484415, 3.609265859064126
38.000420808792114, 2.9586797883014873, 0.2328565003915497, 3.609265859064126
38.10002064704895, 2.995015985665958, 0.24261603609005522, 3.609719087830568
38.20010828971863, 2.995015985665958, 0.24261603609005522, 3.611078436783264
38.300143241882324, 3.0326807382077483, 0.23993524437066394, 3.611078436783264
38.40026044845581, 3.0844888419522962, 0.24920845313091705, 3.611078436783264
38.50014328956604, 3.1215138938180247, 0.2609360959060227, 3.611078436783264
38.59995150566101, 3.1732399975561467, 0.26817101217652156, 3.611078436783264
38.70016026496887, 3.2129288404391874, 0.27102712826567393, 3.611078436783264
38.799930810928345, 3.247319961204162, 0.27859152787839647, 4.527317539046573
38.90009880065918, 3.300047657052115, 0.2931570689446743, 5.432756441936596
39.00003433227539, 3.377265506504108, 0.31475668657013856, 5.432756441936596
39.100363969802856, 3.4329182710010953, 0.32935624263834007, 5.432756441936596
39.19998598098755, 3.49520066058874, 0.3348117526758765, 5.432756441936596
39.29996204376221, 3.5422086800230304, 0.34910801469972474, 5.44670829942374
39.40020489692688, 3.5876935764109468, 0.3661867037779365, 5.4313943842238785
39.50001001358032, 3.5859065401153267, 0.3706751069918509, 5.4313943842238785
39.600178718566895, 3.6010600876733183, 0.3767412616722529, 5.4317349623638815
39.700098752975464, 3.6238717348550322, 0.36926269998306005, 5.432756441936596
39.8003203868866, 3.6431458180660665, 0.3737353098483279, 5.4313943842238785
39.90017294883728, 3.672752122951478, 0.3891134192948303, 5.4313943842238785
40.00046181678772, 3.700710123349879, 0.38625216563921383, 5.402806508623585
40.1005539894104, 3.7186456515178175, 0.3791514058589206, 5.402806508623585
40.20023846626282, 3.7440099151088053, 0.3924138813612962, 5.430031646707006
40.29991412162781, 3.7605956310171114, 0.3975697465689626, 5.402806508623585
40.39999723434448, 3.7605956310171114, 0.3975697465689626, 5.430031646707006
40.499892473220825, 3.7993801591278795, 0.39792419508028964, 5.430031646707006
40.59988451004028, 3.8595481858803002, 0.41833102184564064, 5.402806508623585
40.70000982284546, 3.87991148904802, 0.4202575524924802, 5.402806508623585
40.80030417442322, 3.912181243051879, 0.41745609447347, 5.402806508623585
40.900262117385864, 3.9409741946355834, 0.4284603959312998, 5.370088685829667
41.00031137466431, 3.9681922252770527, 0.43648210331384507, 5.425939350253731
41.100236892700195, 4.002913991185212, 0.4415881607612283, 5.425939350253731
41.19992446899414, 4.032344348232137, 0.4581035907925514, 5.425939350253731
41.30000448226929, 4.0554846861316465, 0.4773942937623777, 5.370088685829667
41.40003323554993, 4.080256330938384, 0.4655934866012684, 5.370088685829667
41.500417709350586, 4.0998816250002745, 0.4491753705903304, 5.370088685829667
41.59994292259216, 4.10560164764773, 0.4587526945074668, 5.370088685829667
41.700143814086914, 4.109009771777429, 0.4749269039155415, 5.370088685829667
41.80019402503967, 4.1120921866163815, 0.4630283743406649, 5.370088685829667
41.899866580963135, 4.108939372643435, 0.45836665920665665, 5.370088685829667
42.00019025802612, 4.1058509795567195, 0.47287214334608285, 5.370088685829667
42.10018181800842, 4.107052412882786, 0.4686376311042396, 3.5469124980345024
42.20004725456238, 4.101365926961097, 0.4633381467137881, 3.5469124980345024
42.29979920387268, 4.100835093782195, 0.46805358441545436, 3.5469124980345024
42.399802446365356, 4.098201156441895, 0.46389034118618383, 3.5469124980345024
42.499940156936646, 4.095497515940047, 0.461782937804748, 3.5469124980345024
42.60040259361267, 4.096380583139198, 0.46410090538299836, 3.5469124980345024
42.700029611587524, 4.0930611216194075, 0.46597412196396387, 3.5469124980345024
42.79992938041687, 4.097248379279026, 0.4636282144080514, 3.5469124980345024
42.90021276473999, 4.093255329834784, 0.4663239840335573, 3.5469124980345024
42.99995493888855, 4.095728248838328, 0.4651071613416871, 3.5469124980345024
43.100046157836914, 4.094732971101341, 0.4644776268606468, 3.5469124980345024
43.200581073760986, 4.09385920110864, 0.4675572727252771, 3.5469124980345024
43.29991960525513, 4.092153817257491, 0.46477592750179714, 3.5469124980345024
43.399914264678955, 4.091680415860738, 0.4633413885125452, 3.5469124980345024
43.49992752075195, 4.0923025458559135, 0.4660618572692394, 3.5469124980345024
43.59991955757141, 4.0926059765735925, 0.4660267629013302, 3.5469124980345024
43.70023012161255, 4.0881059866364495, 0.4630101538725429, 3.5469124980345024
43.800156116485596, 4.088297209006822, 0.46466349229517606, 3.5469124980345024
43.900262117385864, 4.091956625941029, 0.4657295437521152, 3.5469124980345024
44.00005102157593, 4.08913778668596, 0.46661404968257264, 3.5469124980345024
44.10027527809143, 4.090891633550291, 0.4671558493171755, 1.7390837143127402
44.1999397277832, 4.089480723693444, 0.46824984290310034, 1.7390837143127402
44.29991555213928, 4.089735686758638, 0.4704542928927469, 1.7390837143127402
44.39995503425598, 4.089477737719317, 0.4695533183338121, 1.7390837143127402
44.50005292892456, 4.087796591210785, 0.46565220043927236, 1.7390837143127402
44.59991645812988, 4.0885428727672615, 0.46147033148671035, 1.7390837143127402
44.699984073638916, 4.087981493010263, 0.4606044512956847, 1.7390837143127402
44.8003466129303, 4.091710617537805, 0.45961466181414967, 1.7390837143127402
44.89994406700134, 4.088761311214112, 0.46070042047017523, 1.7390837143127402
45.0000581741333, 4.08867632337507, 0.45996560273091036, 1.7390837143127402
45.10006856918335, 4.091880593086764, 0.4610842963703513, 10.875719489835769
45.2004828453064, 4.090624382951127, 0.46085726380563163, 1.7390837143127402
45.300161600112915, 4.089286170706161, 0.4585919371647478, 1.7390837143127402
45.39991211891174, 4.088934276910739, 0.46086657666037023, 1.7390837143127402
45.500192642211914, 4.0925541811772375, 0.4602617428323663, 1.7390837143127402
45.60012722015381, 4.091349419604641, 0.45649168789684647, 1.7390837143127402
45.70001697540283, 4.09213222566417, 0.4552841799666064, 1.7390837143127402
45.800278186798096, 4.09219895700932, 0.4545318159184568, 10.875719489835769
45.90005803108215, 4.08955307654725, 0.45558247994600076, 1.7390837143127402
46.00027680397034, 4.0905908484020586, 0.4565794230338108, 1.7390837143127402
46.10023593902588, 4.09141614847795, 0.45573932466494926, 1.7390837143127402
46.2000572681427, 4.088026972613384, 0.4596683826593674, -0.06413387931020495
46.30015707015991, 4.08880380503679, 0.4610678286480616, -0.06413387931020495
46.39989495277405, 4.090326925675886, 0.45828540287111474, -0.06413387931020495
46.49992108345032, 4.090803317722967, 0.4584164662452035, -0.06413387931020495
46.599963426589966, 4.087829776440868, 0.46062199864911346, -0.06413387931020495
46.69994592666626, 4.0885033644160504, 0.45979944512726856, -0.06413387931020495
46.800005197525024, 4.08987178051478, 0.4583380438246213, -0.06413387931020495
46.8999605178833, 4.091170489509003, 0.4589324852728234, -0.06413387931020495
46.99992227554321, 4.092187014067402, 0.459745723620295, -0.06413387931020495
47.09990906715393, 4.09029671945174, 0.46201213067628966, -0.06413387931020495
47.19991683959961, 4.087829776440868, 0.46062199864911346, -0.06413387931020495
47.29985570907593, 4.087675078817963, 0.46194302215498984, -0.06413387931020495
47.39989376068115, 4.08990531748496, 0.462615884257494, -0.06413387931020495
47.50011420249939, 4.085966709301661, 0.460465153729573, -0.06413387931020495
47.599905014038086, 4.089568349797101, 0.45837313819253056, -0.06413387931020495
47.6998233795166, 4.087681047828613, 0.4593360679432027, -0.06413387931020495
47.79996728897095, 4.0871319555410235, 0.4625643228129104, 10.875719489835769
47.89988303184509, 4.086940733299774, 0.4609109853126051, -0.06413387931020495
48.00000309944153, 4.090120770345052, 0.4631494514386546, -0.06413387931020495
48.10003089904785, 4.088655076553658, 0.45978189886447884, -0.06413387931020495
48.199931621551514, 4.090666876902929, 0.461224672905846, 10.875719489835769
48.29994511604309, 4.089975032009588, 0.46056004328906497, -1.861867743877248
48.39991903305054, 4.088227499029273, 0.46671933215682526, -1.861867743877248
48.49991703033447, 4.088518642342104, 0.4625901031893469, -1.861867743877248
48.599953413009644, 4.091738182753415, 0.46649945449193764, -1.861867743877248
48.70008182525635, 4.09044246451098, 0.46460153647396385, 10.875719489835769
48.79999279975891, 4.090855115849408, 0.4641814873425707, -1.861867743877248
48.89986991882324, 4.089249990601479, 0.4649256179826693, -1.861867743877248
48.99998426437378, 4.091097789088642, 0.462291803071596, -1.861867743877248
49.099966526031494, 4.089732356335411, 0.46244972696051945, -1.861867743877248
49.19980549812317, 4.091246517700898, 0.4635777337775068, 10.875719489835769
49.29983139038086, 4.094365799444428, 0.46396160875535486, 10.875719489835769
49.39979600906372, 4.094450787089785, 0.46469642511112796, 10.875719489835769
49.49990272521973, 4.090767142294486, 0.46475014687867366, 10.875719489835769
49.599931716918945, 4.091771372645868, 0.46146925157885876, -1.861867743877248
49.69991636276245, 4.094286785472091, 0.46061983706487497, -1.861867743877248
49.80000400543213, 4.0932217930444565, 0.4620461440457083, -1.861867743877248
49.8998122215271, 4.089620152419893, 0.46413815866042274, -1.861867743877248
49.99980854988098, 4.092505718164056, 0.4625012884212435, -1.861867743877248
50.09994101524353, 4.087499134373643, 0.463080341794435, -1.861867743877248
50.19990801811218, 4.088357963985763, 0.4665180811375571, -1.861867743877248
50.29984903335571, 4.089832621805362, 0.4659752023329794, -1.861867743877248
50.400033950805664, 4.090609449732419, 0.46737464895114844, -1.861867743877248
50.50005221366882, 4.093067090939033, 0.46336716911952824, -1.861867743877248
50.59989857673645, 4.091395246170198, 0.46486366262262113, -1.861867743877248
50.699941873550415, 4.090591193187797, 0.4658874676410386, -1.861867743877248
50.799917697906494, 4.089462459857826, 0.46676266073289774, -1.861867743877248
50.89991235733032, 4.087705622767432, 0.4675243380646693, -1.861867743877248
50.999996185302734, 4.090023844341755, 0.4676285402621676, -1.861867743877248
51.099867820739746, 4.093486060491806, 0.4696482083544682, -1.861867743877248
51.19993472099304, 4.090412258286835, 0.46832826427913876, -1.861867743877248
51.299925088882446, 4.08956571122351, 0.46898465927501354, -1.861867743877248
51.39996075630188, 4.088810123380258, 0.4677689179367225, -1.861867743877248
51.49995517730713, 4.084416365474942, 0.46567082853061925, -1.861867743877248
51.59993243217468, 4.0878845623445965, 0.4650835412421177, -1.861867743877248
51.70020771026611, 4.08705926246239, 0.46592364099447126, -1.861867743877248
51.80014491081238, 4.089556411904924, 0.46358704753843294, -1.861867743877248
51.89987230300903, 4.089353241916434, 0.4671476170020895, 10.875719489835769
51.99989652633667, 4.0894199660858765, 0.46639525207770693, 10.875719489835769
52.099936962127686, 4.088206252028008, 0.4665356278453704, -1.861867743877248
52.19995331764221, 4.091049321449989, 0.4645313483676202, -1.861867743877248
52.29999375343323, 4.0925877201442615, 0.4645395815750797, -1.861867743877248
52.39995741844177, 4.091865664479697, 0.4676016808702529, -1.861867743877248
52.499942779541016, 4.0890859888684945, 0.46084902995255694, -1.861867743877248
52.59994387626648, 4.088564119639404, 0.4616540348758372, -1.861867743877248
52.699930906295776, 4.088588352255091, 0.4605342628665333, -1.861867743877248
52.799970865249634, 4.087851023442133, 0.46080570296056833, -1.861867743877248
52.89995789527893, 4.08858536658994, 0.46183773966459674, -1.861867743877248
52.99987530708313, 4.0881514683009765, 0.4620740840072304, -1.861867743877248
53.10003662109375, 4.088606613397521, 0.4620214425925596, -1.861867743877248
53.19999814033508, 4.089647368625493, 0.46171491014358257, -1.861867743877248
53.29995799064636, 4.088564119639404, 0.4616540348758372, -1.861867743877248
53.39994692802429, 4.088627860412618, 0.4622051478424831, -1.861867743877248
53.49988603591919, 4.08980206631296, 0.4603938870988702, -1.861867743877248
53.59998917579651, 4.089890044350399, 0.4598252259948238, -1.861867743877248
53.699798345565796, 4.091058280981844, 0.460620917618342, -1.861867743877248
53.799864053726196, 4.091710617537805, 0.45961466181414967, -1.861867743877248
53.89982891082764, 4.089911291171813, 0.4600089298612553, -1.861867743877248
54.00002455711365, 4.092551195203111, 0.46156521826307784, -1.861867743877248
54.10005974769592, 4.0913374812743655, 0.4617055949530693, -1.861867743877248
54.19991660118103, 4.0897353419360005, 0.46114624970129203, 10.875719489835769
54.299909591674805, 4.092071815378744, 0.46273763339335217, -1.861867743877248
54.399914264678955, 4.090943086983219, 0.46361282814541604, -1.861867743877248
54.499892234802246, 4.088976770668856, 0.46123398437709273, -1.861867743877248
54.599894762039185, 4.0882059073206625, 0.45722758463777524, -1.861867743877248
54.699918031692505, 4.085208138099078, 0.46055288886653756, -1.861867743877248
54.80013608932495, 4.085271878936854, 0.4611040022943472, -1.861867743877248
54.90003824234009, 4.089247007126856, 0.46622909447406513, -1.861867743877248
54.99999690055847, 4.087605369034097, 0.4639988634001312, -1.861867743877248
55.100085973739624, 4.086136684670768, 0.46193478784075115, -1.861867743877248
55.19987177848816, 4.086349154157697, 0.46377183055869886, -1.861867743877248
55.29991292953491, 4.088627860412618, 0.4622051478424831, -1.861867743877248
55.39988040924072, 4.089981005631878, 0.4579530884316624, -1.861867743877248
55.49985933303833, 4.090812621911439, 0.4638140791808246, -1.861867743877248
55.60014510154724, 4.090536411637464, 0.4614259225577626, -1.861867743877248
55.69991183280945, 4.085823954376258, 0.4565722686274237, -1.861867743877248
55.79993772506714, 4.085951435973415, 0.457674494083411, -1.861867743877248
55.90002918243408, 4.084601274178048, 0.4606230774801401, -1.861867743877248
55.999977111816406, 4.08716848028849, 0.46553868474142, -1.861867743877248
56.09987807273865, 4.088485445776604, 0.46762030797703635, -1.861867743877248
56.20002484321594, 4.090433505172809, 0.46851196860673405, -1.861867743877248
56.300029277801514, 4.087987813774842, 0.4673055402453975, -1.861867743877248
56.39992904663086, 4.091453013450245, 0.4680217313689977, -1.861867743877248
56.49994444847107, 4.085420607341592, 0.4623899306782977, -1.861867743877248
56.5999641418457, 4.086868039976726, 0.4642703025879785, -1.861867743877248
56.69982671737671, 4.085560027038445, 0.4582782491103429, -1.861867743877248
56.79990839958191, 4.085429559840697, 0.4584795009135828, -1.861867743877248
56.899982213974, 4.094116810052254, 0.4591502034310013, -1.861867743877248
56.99996066093445, 4.089859493109932, 0.454243909225052, -1.861867743877248
57.09993886947632, 4.088475803747518, 0.45291465134270126, -1.861867743877248
57.199954986572266, 4.089392405366615, 0.45951045877044405, -1.861867743877248
57.299880504608154, 4.090317966208592, 0.46219583408155696, -1.861867743877248
57.39990162849426, 4.090594176353444, 0.464583989782291, -1.861867743877248
57.499945878982544, 4.091197705405628, 0.4565092353886314, -1.861867743877248
57.599960803985596, 4.091413160248733, 0.45704279994116437, -1.861867743877248
57.70004606246948, 4.093449190714186, 0.4573658009125432, -1.861867743877248
57.80003619194031, 4.090794358370964, 0.4623268974395053, -1.861867743877248
57.90000796318054, 4.089598905727602, 0.46395445571631944, -1.861867743877248
57.99988031387329, 4.093725745810798, 0.46906200072705995, -1.861867743877248
58.099966049194336, 4.094362809103075, 0.46526508573786973, -1.861867743877248
58.199976205825806, 4.0914194788504465, 0.4637438910744812, -1.861867743877248
58.30006527900696, 4.091373999233494, 0.46467995877233004, -1.861867743877248
58.39995884895325, 4.089950794796093, 0.46167981688245274, -1.861867743877248
58.499964475631714, 4.094735956895616, 0.46317415098491155, -1.861867743877248
58.599902868270874, 4.08974429890379, 0.4572358174301656, -1.861867743877248
58.70000171661377, 4.089874770906863, 0.4570345663648022, -1.861867743877248
58.800020933151245, 4.088724790820039, 0.45772605605139416, -1.8247347449629574
58.90010976791382, 4.08885227254632, 0.4588282824297094, -1.8247347449629574
58.999961137771606, 4.090909552447982, 0.45933498831206365, -1.8247347449629574
59.10007905960083, 4.092669717397536, 0.4665778753906715, -1.8247347449629574
59.19995427131653, 4.088603630245706, 0.46332492138977566, -1.8247347449629574
59.29993677139282, 4.090666876902929, 0.461224672905846, -1.8247347449629574
59.400004148483276, 4.091140283105005, 0.4626592126329746, -1.8247347449629574
59.49995470046997, 4.091207009529539, 0.4619068478630888, -1.8247347449629574
59.5999059677124, 4.09161667489384, 0.46279027416240714, -1.8247347449629574
59.6998245716095, 4.09131324406087, 0.46282536854645695, -1.8247347449629574
59.80002021789551, 4.09112202181962, 0.4611720310461519, -1.8247347449629574
59.89997601509094, 4.095093824313327, 0.4582925566318864, -1.8247347449629574
60.00013875961304, 4.0926361831067135, 0.4623000364635069, -1.8247347449629574
60.10002374649048, 4.09481795881126, 0.4652124436775835, -1.8247347449629574
60.19983458518982, 4.094584242632041, 0.4631916980155325, -1.8247347449629574
60.29982304573059, 4.091283037836724, 0.46655209635163175, -1.8247347449629574
60.399922132492065, 4.089805401347826, 0.46839845238548217, -1.8247347449629574
60.49993419647217, 4.091361711764085, 0.46058582371159673, -1.8247347449629574
60.59995245933533, 4.08975957247645, 0.4600264779825154, -1.8247347449629574
60.70145583152771, 4.091464962936085, 0.46280782087022043, -1.8247347449629574
60.80002403259277, 4.090557658652561, 0.4616096278076861, -1.8247347449629574
60.9000289440155, 4.089732356335411, 0.46244972696051945, -1.8247347449629574
61.00002145767212, 4.08858536658994, 0.46183773966459674, -1.8247347449629574
61.099984884262085, 4.0866130768977005, 0.4620658516598636, -1.8247347449629574
61.19988679885864, 4.08871284825166, 0.462939965581748, -1.8247347449629574
61.29994440078735, 4.090123760414327, 0.46184597167301544, -1.8247347449629574
61.39988350868225, 4.089662646256403, 0.46450556777677754, -1.8247347449629574
61.49996638298035, 4.088740064328137, 0.46051671614257994, -1.8247347449629574
61.59990096092224, 4.086443101298012, 0.46059621758096636, -1.8247347449629574
61.69991064071655, 4.0861821622124825, 0.46099872043342915, -1.8247347449629574
61.799965381622314, 4.086221672445247, 0.462669605118852, -1.8247347449629574
61.89998817443848, 4.090421217638838, 0.46441783308483675, -1.8247347449629574
61.99986457824707, 4.088819082847553, 0.4638584867262804, -1.8247347449629574
62.0999014377594, 4.088433654632185, 0.46185528637241, -1.8247347449629574
62.20008087158203, 4.088297209006822, 0.464663492295176, -1.8247347449629574
62.29995560646057, 4.091131325878969, 0.46656964305944504, -1.8247347449629574
62.39990234375, 4.090487941886675, 0.4636654695600866, -1.8247347449629574
62.49986481666565, 4.085335619696236, 0.4616551143225248, -1.8247347449629574
62.599867820739746, 4.086330890386639, 0.46228464884966036, -1.8247347449629574
62.6999614238739, 4.086333880972407, 0.46098117277333317, -1.8247347449629574
62.79996347427368, 4.083842698248534, 0.4607108132788603, -1.8247347449629574
62.900044441223145, 4.086084886724179, 0.4561697671884074, -1.8247347449629574
63.000128746032715, 4.086415878290242, 0.4630194670500891, -1.8247347449629574
63.10002541542053, 4.087841723929864, 0.45540808984049574, -1.8247347449629574
63.200013399124146, 4.085466084717287, 0.46145386376442044, -1.8247347449629574
63.29995632171631, 4.088111960272573, 0.46040319995360857, -1.8247347449629574
63.40000009536743, 4.09137365464144, 0.45537191554859446, -1.8247347449629574
63.50000739097595, 4.0907243038151915, 0.4550746950158877, -1.8247347449629574
63.599920988082886, 4.0905636277785025, 0.45900267357975855, -1.8247347449629574
63.699946880340576, 4.092839348303712, 0.458739467200442, -1.8247347449629574
63.79998993873596, 4.090375393249978, 0.45604585711392653, -1.8247347449629574
63.89986038208008, 4.087262427659387, 0.46236307173140634, -1.8247347449629574
63.99996304512024, 4.08854585830329, 0.46016685376631894, -1.8247347449629574
64.0999321937561, 4.088694587030837, 0.4614527844560893, -1.8247347449629574
64.19994163513184, 4.088345676516353, 0.4624239460768238, -1.8247347449629574
64.2999176979065, 4.08715320260685, 0.46274802758552924, -1.8247347449629574
64.39994239807129, 4.087763049758088, 0.4613743615743431, -1.8247347449629574
64.49997997283936, 4.086552319354695, 0.4602112612956343, -1.8247347449629574
64.60005235671997, 4.087705282736288, 0.4582162946726227, -1.8247347449629574
64.70131754875183, 4.087577801203691, 0.45711406967779944, -1.8247347449629574
64.80033421516418, 4.089307417527573, 0.4587756410311793, -1.8247347449629574
64.89986228942871, 4.089592587010597, 0.4572533645991429, -1.8247347449629574
64.99992609024048, 4.091255477103631, 0.45966730210590057, -1.8247347449629574
65.09999680519104, 4.088548841713351, 0.4588633768137591, -1.8247347449629574
65.19993448257446, 4.086970944264683, 0.45718425778414284, -1.8247347449629574
65.29998421669006, 4.085578288452953, 0.45976543161949357, -1.8247347449629574
65.39986157417297, 4.086789021342019, 0.4609285320204184, -1.8247347449629574
65.49994230270386, 4.085899978200926, 0.46121751868391014, -1.8247347449629574
65.59985709190369, 4.087283674480799, 0.46254677559783786, -1.8001169126128456
65.69986271858215, 4.084018649725604, 0.4595734926548516, -1.8001169126128456
65.79998517036438, 4.083059892073714, 0.4619183212252407, -1.8247347449629574
65.89993834495544, 4.083906439266162, 0.4612619271516939, -1.8001169126128456
65.99996447563171, 4.083930676544219, 0.46014215401947023, -1.8247347449629574
66.09990382194519, 4.083466574272369, 0.464105225383307, -1.8247347449629574
66.19992136955261, 4.083081139204102, 0.46210202645902376, -1.8247347449629574
66.29995822906494, 4.085135433311491, 0.46391220821711343, -1.8247347449629574
66.39989709854126, 4.0875871052492085, 0.46251168075262417, -1.8247347449629574
66.49991369247437, 4.087001490649096, 0.46276557429334253, -1.8247347449629574
66.59990739822388, 4.0902512420253165, 0.462948198067471, -1.8247347449629574
66.69993591308594, 4.084346310790047, 0.4584186251846736, -1.8247347449629574
66.79993486404419, 4.083338747903303, 0.4536949562585606, -1.8247347449629574
66.90000128746033, 4.0856420292768965, 0.46031654410883505, -1.8247347449629574
67.00002384185791, 4.083232858143879, 0.46208447924395135, -1.8247347449629574
67.09991955757141, 4.086075927436737, 0.4600801988438734, -1.8247347449629574
67.19991517066956, 4.089192223528948, 0.4617675515582531, -1.8247347449629574
67.29991221427917, 4.086852762101402, 0.46147964404859576, -1.8247347449629574
67.39991807937622, 4.088300197222208, 0.4633600160804927, -1.8247347449629574
67.49990010261536, 4.088539889278808, 0.4627738070396378, -1.8247347449629574
67.59991312026978, 4.087845054431483, 0.46341265717235547, -1.8247347449629574
67.70003199577332, 4.088749368258363, 0.4659143272335451, -1.8247347449629574
67.79990196228027, 4.08503816261468, 0.4590832547714997, -1.8247347449629574
67.89996099472046, 4.085987956201468, 0.4606488589956368, -1.8247347449629574
67.999995470047, 4.088597309287443, 0.4566238310565709, -1.8247347449629574
68.09997844696045, 4.087083148051079, 0.45549582516191156, -1.8247347449629574
68.19994330406189, 4.0891404278881796, 0.4560025305831018, -1.8247347449629574
68.29998469352722, 4.085293125808996, 0.46128770568347444, -1.8247347449629574
68.3999171257019, 4.086549335944634, 0.4615147382481941, -1.8247347449629574
68.4999132156372, 4.086773747949213, 0.4581378719130923, -1.8247347449629574
68.5999047756195, 4.0888582484744305, 0.45622132724949904, -1.8247347449629574
68.69990491867065, 4.08975027521927, 0.4546288650169392, -1.8247347449629574
68.80006837844849, 4.087429072591436, 0.4558281389718887, -1.8247347449629574
68.89997673034668, 4.085071347701808, 0.4540530511205444, -1.8247347449629574
68.99990034103394, 4.088861231962885, 0.4549178516965716, -1.8247347449629574
69.10003590583801, 4.083087117438033, 0.4594950709560057, -1.8247347449629574
69.19987440109253, 4.084012673732932, 0.46218044737389796, -1.8247347449629574
69.29997491836548, 4.085475039443818, 0.4575434322772657, -1.8247347449629574
69.39992785453796, 4.084246045283199, 0.45489315122798646, -1.8247347449629574
69.500084400177, 4.080507963709473, 0.4597933715810155, -1.8247347449629574
69.59980297088623, 4.082620024967785, 0.46476162116315356, -1.8247347449629574
69.69990181922913, 4.082932070445412, 0.4515080523772068, -1.8247347449629574
69.79993963241577, 4.079576429051521, 0.45971494974381344, -1.8247347449629574
69.89987087249756, 4.079943600657705, 0.4602309683264094, -1.8247347449629574
69.99997043609619, 4.081697447471307, 0.4607727684383167, -1.8247347449629574
70.09995698928833, 4.080483733413438, 0.46091314420598006, -1.8247347449629574
70.19992089271545, 4.081927835482389, 0.45478894832263717, -1.8247347449629574
70.30010771751404, 4.084440258110215, 0.45524301265196443, -1.8247347449629574
70.39990830421448, 4.082880617077046, 0.45505107401013045, -1.8247347449629574
70.49994730949402, 4.080868816921459, 0.45360830135225527, -1.8247347449629574
70.59997582435608, 4.080486716823499, 0.45960966725342023, -1.8247347449629574
70.69994759559631, 4.078562890042981, 0.45759823461441873, -1.8247347449629574
70.79997229576111, 4.078144269693904, 0.4606252379575988, -1.8247347449629574
70.89994263648987, 4.080811389930802, 0.4597582778425813, -1.8247347449629574
70.99997782707214, 4.080119549713664, 0.459093648041349, -1.8247347449629574
71.09995341300964, 4.081958386607566, 0.4603702651085494, -1.8247347449629574
71.19990277290344, 4.082477270106943, 0.4608687365221683, -1.8247347449629574
71.29997968673706, 4.081242309227661, 0.46082540842340025, -1.8247347449629574
71.39991474151611, 4.0820463577275445, 0.4598016049729262, -1.8247347449629574
71.49980235099792, 4.082431792924933, 0.46180480481953734, -1.8247347449629574
71.59989476203918, 4.08320563508538, 0.46450772919037886, -1.8247347449629574
71.69995021820068, 4.0813060501299985, 0.46137652231237414, -1.8247347449629574
71.79989385604858, 4.081160304618828, 0.45878711328655175, -1.8247347449629574
71.89996695518494, 4.083772643692762, 0.45345861085524264, -1.8247347449629574
71.99992847442627, 4.081918875936702, 0.45869937813344697, -1.8247347449629574
72.09997725486755, 4.0878812344070425, 0.45707897543210596, -1.8247347449629574
72.19992756843567, 4.085987956201468, 0.4606488589956368, -1.8247347449629574
72.29992270469666, 4.08403059255223, 0.45435958496915374, -1.8247347449629574
72.39993977546692, 4.0869769132753335, 0.4545773035723556, -1.8247347449629574
72.49992752075195, 4.085793743540472, 0.4602989970782141, -1.8247347449629574
72.60002017021179, 4.079922353591877, 0.46004726355379044, -1.8247347449629574
72.70020079612732, 4.078347434877069, 0.4570646677560658, -1.8247347449629574
72.79998087882996, 4.083284308754495, 0.4585414547056875, -1.8247347449629574
72.8999924659729, 4.081378743194801, 0.4580172031923446, -1.8247347449629574
73.00009441375732, 4.079300218777545, 0.4573267931207514, -1.8247347449629574
73.1001992225647, 4.080838617550212, 0.45733502772784296, -1.8247347449629574
73.20004725456238, 4.08219807660276, 0.4597840572966898, -1.8247347449629574
73.30006241798401, 4.083020388643118, 0.46024743558753534, -1.8247347449629574
73.40000700950623, 4.081806667912203, 0.4603878132298095, -1.8247347449629574
73.49995517730713, 4.082977894755879, 0.45988002694848484, -1.8247347449629574
73.60027503967285, 4.080507963709473, 0.4597933715810155, -1.8247347449629574
73.69998145103455, 4.079397154068685, 0.4528477034671713, -1.8247347449629574
73.80003666877747, 4.079709539757308, 0.44890217851829484, -1.8247347449629574
73.90025734901428, 4.0815241437403795, 0.4512985671659159, -1.8247347449629574
73.99999523162842, 4.080635100599285, 0.45158755382940763, -1.8247347449629574
74.10013365745544, 4.080289180606007, 0.4512552389126512, -1.8247347449629574
74.20020151138306, 4.082152252227732, 0.451412082264248, -1.8247347449629574
74.30003070831299, 4.082300980890717, 0.45269801249285413, -1.8247347449629574
74.40002799034119, 4.081411940004713, 0.45298699931084274, -1.8247347449629574
74.50024485588074, 4.083772643692762, 0.45345861085524264, -1.8247347449629574
74.60009574890137, 4.080374168315926, 0.45199005572958795, -1.8247347449629574
74.69992160797119, 4.080486372180714, 0.4503016245069891, -1.8247347449629574
74.7999861240387, 4.078341121223635, 0.4503635792214218, -1.8247347449629574
74.8999924659729, 4.080808061928687, 0.45175371157140576, -1.8247347449629574
74.99995350837708, 4.08112975623757, 0.4532057984675114, -1.8247347449629574
75.09992671012878, 4.080440894689729, 0.45123769143700654, -1.8247347449629574
75.19994139671326, 4.079533935099719, 0.45934754064359873, -1.8247347449629574
75.2999382019043, 4.076475410654782, 0.4608182551237924, -1.8247347449629574
75.39997816085815, 4.07790457974944, 0.46121144529215385, -1.8247347449629574
75.49992060661316, 4.076863824650591, 0.4615179786634591, -1.8247347449629574
75.59994983673096, 4.078793620700004, 0.46092245893532946, -1.8247347449629574
75.69995951652527, 4.0738809837916605, 0.4583258974861323, -1.8247347449629574
75.7999997138977, 4.076715096102896, 0.46023204841871235, -1.8247347449629574
75.89997148513794, 4.079185024843482, 0.46031870410898945, -1.8247347449629574
75.99998354911804, 4.0767635635616974, 0.45799250267766456, -1.8247347449629574
76.09993481636047, 4.077000265406068, 0.4587097715416524, -1.8247347449629574
76.20019054412842, 4.077510192066778, 0.4631186761487259, -1.8247347449629574
76.30052375793457, 4.076378473265339, 0.4652973474221406, -1.8247347449629574
76.40021347999573, 4.081272508534346, 0.45709868158664846, -1.8247347449629574
76.50010704994202, 4.076426943016128, 0.4630578004198166, -1.8247347449629574
76.60004091262817, 4.080234739280502, 0.456101738604914, -1.8247347449629574
76.70000982284546, 4.080176972207972, 0.4529436721804978, -1.8247347449629574
76.80005383491516, 4.0757865445460295, 0.45885014826159853, -1.8247347449629574
76.9000723361969, 4.0758018226150385, 0.4616408081844733, -1.8247347449629574
77.0002601146698, 4.079006089827228, 0.4627595007632299, -1.8247347449629574
77.09993958473206, 4.078356738936418, 0.46246227976935894, -1.8247347449629574
77.20001745223999, 4.0787906372253815, 0.4622259354267253, -1.8247347449629574
77.30008912086487, 4.078766404558965, 0.4633457079133335, -1.8247347449629574
77.40006303787231, 4.076772867607214, 0.4633901137524893, -1.8247347449629574
77.49996542930603, 4.082337496364174, 0.4556723761898992, -1.8247347449629574
77.60002040863037, 4.080768895979001, 0.4593908687423669, -1.8247347449629574
77.69999670982361, 4.079813128668464, 0.46043222033024134, -1.8247347449629574
77.79981303215027, 4.084376517337001, 0.45469189968531876, -1.8247347449629574
77.90006899833679, 4.085177582362261, 0.45497157272624067, -1.8247347449629574
77.99998593330383, 4.083836384336854, 0.45400972289956043, -1.8247347449629574
78.10004377365112, 4.0853080542362115, 0.45477032073854917, -1.8247347449629574
78.20009684562683, 4.084203551575811, 0.45452574303395965, -1.8247347449629574
78.30013418197632, 4.084203551575811, 0.45452574303395965, -1.8247347449629574
78.39998722076416, 4.084337013906405, 0.4530210140476131, -1.8247347449629574
78.50007748603821, 4.080893394295222, 0.4617965720732421, -1.8247347449629574
78.6000247001648, 4.083699945808803, 0.45681792829892687, -1.8247347449629574
78.69998669624329, 4.083311524960095, 0.45611820618884746, -1.8247347449629574
78.79991745948792, 4.085438519257262, 0.454569070180445, -1.8247347449629574
78.89995694160461, 4.085505250293436, 0.45381670476494373, -1.8247347449629574
78.9998939037323, 4.083554205296641, 0.45422852139447323, -1.8247347449629574
79.09994268417358, 4.0849621273900345, 0.45443800725137984, -1.8247347449629574
79.19979238510132, 4.086112102736094, 0.45374651728807536, -1.8247347449629574
79.29979419708252, 4.085802707568676, 0.4563885656994606, -1.8247347449629574
79.39979815483093, 4.086843462538402, 0.4560820314058276, -1.8247347449629574
79.49994730949402, 4.086084886724179, 0.4561697671884074, -1.8247347449629574
