27,-29.91,109
26.922,-29.67288,109
26.844,-29.43576,109
26.766,-29.19864,109
26.688,-28.96152,109
26.61,-28.7244,109
26.532,-28.48728,109
26.454,-28.25016,109
26.376,-28.01304,109
26.298,-27.77592,109
26.22,-27.5388,109
26.142,-27.30168,109
26.064,-27.06456,109
25.986,-26.82744,109
25.908,-26.59032,109
25.83,-26.3532,109
25.752,-26.11608,109
25.674,-25.87896,109
25.596,-25.64184,109
25.518,-25.40472,109
25.44,-25.1676,109
25.362,-24.93048,109
25.284,-24.69336,109
25.206,-24.45624,109
25.128,-24.21912,109
25.05,-23.982,109
24.972,-23.74488,109
24.894,-23.50776,109
24.816,-23.27064,109
24.738,-23.03352,109
24.66,-22.7964,109
24.582,-22.55928,109
24.504,-22.32216,109
24.426,-22.08504,109
24.348,-21.84792,109
24.27,-21.6108,109
24.192,-21.37368,109
24.114,-21.13656,109
24.036,-20.89944,109
23.958,-20.66232,109
23.88,-20.4252,109
23.802,-20.18808,109
23.724,-19.95096,109
23.646,-19.71384,109
23.568,-19.47672,109
23.49,-19.2396,109
23.412,-19.00248,109
23.334,-18.76536,109
23.256,-18.52824,109
23.178,-18.29112,109
23.1,-18.054,109
23.022,-17.81688,109
22.944,-17.57976,109
22.866,-17.34264,109
22.788,-17.10552,109
22.71,-16.8684,109
22.632,-16.63128,109
22.554,-16.39416,109
22.476,-16.15704,109
22.398,-15.91992,109
22.32,-15.6828,109
22.242,-15.44568,109
22.164,-15.20856,109
22.086,-14.97144,109
22.008,-14.73432,109
21.93,-14.4972,109
21.852,-14.26008,109
21.774,-14.02296,109
21.696,-13.78584,109
21.618,-13.54872,109
21.54,-13.3116,109
21.462,-13.07448,109
21.384,-12.83736,109
21.306,-12.60024,109
21.228,-12.36312,109
21.15,-12.126,109
21.072,-11.88888,109
20.994,-11.65176,109
20.916,-11.41464,109
20.838,-11.17752,109
20.76,-10.9404,109
20.682,-10.70328,109
20.604,-10.46616,109
20.526,-10.22904,109
20.448,-9.99192,109
20.37,-9.7548,109
20.292,-9.51768,109
20.214,-9.28056,109
20.136,-9.04344,109
20.058,-8.80632,109
19.98,-8.5692,109
19.902,-8.33208,109
19.824,-8.09496,109
19.746,-7.85784,109
19.668,-7.62072,109
19.59,-7.3836,109
19.512,-7.14648,109
19.434,-6.90936,109
19.356,-6.67224,109
19.278,-6.43512,109
19.2,-6.198,109
19.122,-5.96088,109
19.044,-5.72376,109
18.966,-5.48664,109
18.888,-5.24952,109
18.81,-5.0124,109
18.732,-4.77528,109
18.654,-4.53816,109
18.576,-4.30104,109
18.498,-4.06392,109
18.42,-3.8268,109
18.342,-3.58968,109
18.264,-3.35256,109
18.186,-3.11544,109
18.108,-2.87832,109
18.03,-2.6412,109
17.952,-2.40408,109
17.874,-2.16696,109
17.796,-1.92984,109
17.718,-1.69272,109
17.64,-1.4556,109
17.562,-1.21848,109
17.484,-0.98136,109
17.406,-0.74424,109
17.328,-0.50712,109
17.25,-0.27,109
17.172,-0.03288,109
17.094,0.20424,109
17.016,0.44136,109
16.938,0.67848,109
16.86,0.9156,109
16.782,1.15272,109
16.704,1.38984,109
16.626,1.62696,109
16.548,1.86408,109
16.47,2.1012,109
16.392,2.33832,109
16.314,2.57544,109
16.236,2.81256,109
16.158,3.04968,109
16.08,3.2868,109
16.002,3.52392,109
15.924,3.76104,109
15.846,3.99816,109
15.768,4.23528,109
15.69,4.4724,109
15.612,4.70952,109
15.534,4.94664,109
15.304,4.93552,199
15.074,4.84812,199
14.844,4.76072,199
14.614,4.67332,199
14.384,4.58592,199
14.154,4.49852,199
13.924,4.41112,199
13.694,4.32372,199
13.464,4.23632,199
13.234,4.14892,199
13.004,4.06152,199
12.774,3.97412,199
12.544,3.88672,199
12.314,3.79932,199
12.084,3.71192,199
11.854,3.62452,199
11.624,3.53712,199
11.394,3.44972,199
11.164,3.36232,199
10.934,3.27492,199
10.704,3.18752,199
10.474,3.10012,199
10.244,3.01272,199
10.014,2.92532,199
9.784,2.83792,199
9.554,2.75052,199
9.324,2.66312,199
9.094,2.57572,199
8.864,2.48832,199
8.634,2.40092,199
8.404,2.31352,199
8.174,2.22612,199
7.944,2.13872,199
7.714,2.05132,199
7.794,1.958,289
7.874,1.718,289
7.954,1.478,289
8.034,1.238,289
8.114,0.998,289
8.194,0.758,289
8.274,0.518,289
8.354,0.278,289
8.434,0.038,289
8.514,-0.202,289
8.594,-0.442,289
8.674,-0.682,289
8.754,-0.922,289
8.834,-1.162,289
8.914,-1.402,289
8.994,-1.642,289
9.074,-1.882,289
9.154,-2.122,289
9.234,-2.362,289
9.314,-2.602,289
9.394,-2.842,289
9.474,-3.082,289
9.554,-3.322,289
9.634,-3.562,289
9.714,-3.802,289
9.794,-4.042,289
9.874,-4.282,289
9.954,-4.522,289
10.034,-4.762,289
10.114,-5.002,289
10.194,-5.242,289
10.274,-5.482,289
10.354,-5.722,289
10.434,-5.962,289
10.514,-6.202,289
10.594,-6.442,289
10.674,-6.682,289
10.754,-6.922,289
10.834,-7.162,289
10.914,-7.402,289
10.994,-7.642,289
11.074,-7.882,289
11.154,-8.122,289
11.234,-8.362,289
11.314,-8.602,289
11.394,-8.842,289
11.474,-9.082,289
11.554,-9.322,289
11.634,-9.562,289
11.714,-9.802,289
11.794,-10.042,289
11.874,-10.282,289
11.954,-10.522,289
12.034,-10.762,289
12.114,-11.002,289
12.194,-11.242,289
12.274,-11.482,289
12.354,-11.722,289
12.434,-11.962,289
12.514,-12.202,289
12.594,-12.442,289
12.674,-12.682,289
12.754,-12.922,289
12.834,-13.162,289
12.914,-13.402,289
12.994,-13.642,289
13.074,-13.882,289
13.154,-14.122,289
13.234,-14.362,289
13.314,-14.602,289
13.394,-14.842,289
13.474,-15.082,289
13.554,-15.322,289
13.634,-15.562,289
13.714,-15.802,289
13.794,-16.042,289
13.874,-16.282,289
13.954,-16.522,289
14.034,-16.762,289
14.114,-17.002,289
14.194,-17.242,289
14.274,-17.482,289
14.354,-17.722,289
14.434,-17.962,289
14.514,-18.202,289
14.594,-18.442,289
14.674,-18.682,289
14.754,-18.922,289
14.834,-19.162,289
14.914,-19.402,289
14.994,-19.642,289
15.074,-19.882,289
15.154,-20.122,289
15.234,-20.362,289
15.314,-20.602,289
15.394,-20.842,289
15.474,-21.082,289
15.554,-21.322,289
15.634,-21.562,289
15.714,-21.802,289
15.794,-22.042,289
15.874,-22.282,289
15.954,-22.522,289
16.034,-22.762,289
16.114,-23.002,289
16.194,-23.242,289
16.274,-23.482,289
16.354,-23.722,289
16.434,-23.962,289
16.514,-24.202,289
16.594,-24.442,289
16.674,-24.682,289
16.754,-24.922,289
16.834,-25.162,289
16.914,-25.402,289
16.994,-25.642,289
17.074,-25.882,289
17.154,-26.122,289
17.234,-26.362,289
17.314,-26.602,289
17.394,-26.842,289
17.474,-27.082,289
17.554,-27.322,289
17.634,-27.562,289
17.714,-27.802,289
17.794,-28.042,289
17.874,-28.282,289
17.954,-28.522,289
18.034,-28.762,289
18.114,-29.002,289
18.194,-29.242,289
18.274,-29.482,289
18.354,-29.722,289
18.434,-29.962,289
18.514,-30.202,289
18.594,-30.442,289
18.674,-30.682,289
18.754,-30.922,289
18.834,-31.162,289
18.914,-31.402,289
18.994,-31.642,289
19.074,-31.882,289
19.154,-32.122,289
19.234,-32.362,289
19.474,-32.34306,379
19.714,-32.26866,379
19.954,-32.19426,379
20.194,-32.11986,379
20.434,-32.04546,379
20.674,-31.97106,379
20.914,-31.89666,379
21.154,-31.82226,379
21.394,-31.74786,379
21.634,-31.67346,379
21.874,-31.59906,379
22.114,-31.52466,379
22.354,-31.45026,379
22.594,-31.37586,379
22.834,-31.30146,379
23.074,-31.22706,379
23.314,-31.15266,379
23.554,-31.07826,379
23.794,-31.00386,379
24.034,-30.92946,379
24.274,-30.85506,379
24.514,-30.78066,379
24.754,-30.70626,379
24.994,-30.63186,379
25.234,-30.55746,379
25.474,-30.48306,379
25.714,-30.40866,379
25.954,-30.33426,379
25.874,-29.87696,469
25.794,-29.63376,469
25.714,-29.39056,469
25.634,-29.14736,469
25.554,-28.90416,469
25.474,-28.66096,469
25.394,-28.41776,469
25.314,-28.17456,469
25.234,-27.93136,469
25.154,-27.68816,469
25.074,-27.44496,469
24.994,-27.20176,469
24.914,-26.95856,469
24.834,-26.71536,469
24.754,-26.47216,469
24.674,-26.22896,469
24.594,-25.98576,469
24.514,-25.74256,469
24.434,-25.49936,469
24.354,-25.25616,469
24.274,-25.01296,469
24.194,-24.76976,469
24.114,-24.52656,469
24.034,-24.28336,469
23.954,-24.04016,469
23.874,-23.79696,469
23.794,-23.55376,469
23.714,-23.31056,469
23.634,-23.06736,469
23.554,-22.82416,469
23.474,-22.58096,469
23.394,-22.33776,469
23.314,-22.09456,469
23.234,-21.85136,469
23.154,-21.60816,469
23.074,-21.36496,469
22.994,-21.12176,469
22.914,-20.87856,469
22.834,-20.63536,469
22.754,-20.39216,469
22.674,-20.14896,469
22.594,-19.90576,469
22.514,-19.66256,469
22.434,-19.41936,469
22.354,-19.17616,469
22.274,-18.93296,469
22.194,-18.68976,469
22.114,-18.44656,469
22.034,-18.20336,469
21.954,-17.96016,469
21.874,-17.71696,469
21.794,-17.47376,469
21.714,-17.23056,469
21.634,-16.98736,469
21.554,-16.74416,469
21.474,-16.50096,469
21.394,-16.25776,469
21.314,-16.01456,469
21.234,-15.77136,469
21.154,-15.52816,469
21.074,-15.28496,469
20.994,-15.04176,469
20.914,-14.79856,469
20.834,-14.55536,469
20.754,-14.31216,469
20.674,-14.06896,469
20.594,-13.82576,469
20.514,-13.58256,469
20.434,-13.33936,469
20.354,-13.09616,469
20.274,-12.85296,469
20.194,-12.60976,469
20.114,-12.36656,469
20.034,-12.12336,469
19.954,-11.88016,469
19.874,-11.63696,469
19.794,-11.39376,469
19.714,-11.15056,469
19.634,-10.90736,469
19.554,-10.66416,469
19.474,-10.42096,469
19.394,-10.17776,469
19.314,-9.93456,469
19.234,-9.69136,469
19.154,-9.44816,469
19.074,-9.20496,469
18.994,-8.96176,469
18.914,-8.71856,469
18.834,-8.47536,469
18.754,-8.23216,469
18.674,-7.98896,469
18.594,-7.74576,469
18.514,-7.50256,469
18.434,-7.25936,469
18.354,-7.01616,469
18.274,-6.77296,469
18.194,-6.52976,469
18.114,-6.28656,469
18.034,-6.04336,469
17.954,-5.80016,469
17.874,-5.55696,469
17.794,-5.31376,469
17.714,-5.07056,469
17.634,-4.82736,469
17.554,-4.58416,469
17.474,-4.34096,469
17.394,-4.09776,469
17.314,-3.85456,469
17.234,-3.61136,469
17.154,-3.36816,469
17.074,-3.12496,469
16.994,-2.88176,469
16.914,-2.63856,469
16.834,-2.39536,469
16.754,-2.15216,469
16.674,-1.90896,469
16.594,-1.66576,469
16.514,-1.42256,469
16.434,-1.17936,469
16.354,-0.93616,469
16.274,-0.69296,469
16.194,-0.44976,469
16.114,-0.20656,469
16.034,0.03664,469
15.954,0.27984,469
15.874,0.52304,469
15.794,0.76624,469
15.714,1.00944,469
15.634,1.25264,469
15.554,1.49584,469
15.474,1.73904,469
15.394,1.98224,469
15.314,2.22544,469
15.234,2.46864,469
15.154,2.71184,469
15.074,2.95504,469
14.994,3.19824,469
14.914,3.44144,469
14.834,3.68464,469
14.754,3.92784,469
14.674,4.17104,469
14.594,4.41424,469
14.514,4.65744,469
14.284,4.54792,559
14.054,4.46052,559
13.824,4.37312,559
13.594,4.28572,559
13.364,4.19832,559
13.134,4.11092,559
12.904,4.02352,559
12.674,3.93612,559
12.444,3.84872,559
12.214,3.76132,559
11.984,3.67392,559
11.754,3.58652,559
11.524,3.49912,559
11.294,3.41172,559
11.064,3.32432,559
10.834,3.23692,559
10.604,3.14952,559
10.374,3.06212,559
10.144,2.97472,559
9.914,2.88732,559
9.684,2.79992,559
9.454,2.71252,559
9.224,2.62512,559
8.994,2.53772,559
8.764,2.45032,559
8.534,2.36292,559
8.304,2.27552,559
8.074,2.18812,559
7.844,2.10072,559
7.614,2.01332,559
7.384,1.92592,559
7.154,1.83852,559
6.924,1.75112,559
7.004,1.028,649
7.084,0.788,649
7.164,0.548,649
7.244,0.308,649
7.324,0.068,649
7.404,-0.172,649
7.484,-0.412,649
7.564,-0.652,649
7.644,-0.892,649
7.724,-1.132,649
7.804,-1.372,649
7.884,-1.612,649
7.964,-1.852,649
8.044,-2.092,649
8.124,-2.332,649
8.204,-2.572,649
8.284,-2.812,649
8.364,-3.052,649
8.444,-3.292,649
8.524,-3.532,649
8.604,-3.772,649
8.684,-4.012,649
8.764,-4.252,649
8.844,-4.492,649
8.924,-4.732,649
9.004,-4.972,649
9.084,-5.212,649
9.164,-5.452,649
9.244,-5.692,649
9.324,-5.932,649
9.404,-6.172,649
9.484,-6.412,649
9.564,-6.652,649
9.644,-6.892,649
9.724,-7.132,649
9.804,-7.372,649
9.884,-7.612,649
9.964,-7.852,649
10.044,-8.092,649
10.124,-8.332,649
10.204,-8.572,649
10.284,-8.812,649
10.364,-9.052,649
10.444,-9.292,649
10.524,-9.532,649
10.604,-9.772,649
10.684,-10.012,649
10.764,-10.252,649
10.844,-10.492,649
10.924,-10.732,649
11.004,-10.972,649
11.084,-11.212,649
11.164,-11.452,649
11.244,-11.692,649
11.324,-11.932,649
11.404,-12.172,649
11.484,-12.412,649
11.564,-12.652,649
11.644,-12.892,649
11.724,-13.132,649
11.804,-13.372,649
11.884,-13.612,649
11.964,-13.852,649
12.044,-14.092,649
12.124,-14.332,649
12.204,-14.572,649
12.284,-14.812,649
12.364,-15.052,649
12.444,-15.292,649
12.524,-15.532,649
12.604,-15.772,649
12.684,-16.012,649
12.764,-16.252,649
12.844,-16.492,649
12.924,-16.732,649
13.004,-16.972,649
13.084,-17.212,649
13.164,-17.452,649
13.244,-17.692,649
13.324,-17.932,649
13.404,-18.172,649
13.484,-18.412,649
13.564,-18.652,649
13.644,-18.892,649
13.724,-19.132,649
13.804,-19.372,649
13.884,-19.612,649
13.964,-19.852,649
14.044,-20.092,649
14.124,-20.332,649
14.204,-20.572,649
14.284,-20.812,649
14.364,-21.052,649
14.444,-21.292,649
14.524,-21.532,649
14.604,-21.772,649
14.684,-22.012,649
14.764,-22.252,649
14.844,-22.492,649
14.924,-22.732,649
15.004,-22.972,649
15.084,-23.212,649
15.164,-23.452,649
15.244,-23.692,649
15.324,-23.932,649
15.404,-24.172,649
15.484,-24.412,649
15.564,-24.652,649
15.644,-24.892,649
15.724,-25.132,649
15.804,-25.372,649
15.884,-25.612,649
15.964,-25.852,649
16.044,-26.092,649
16.124,-26.332,649
16.204,-26.572,649
16.284,-26.812,649
16.364,-27.052,649
16.444,-27.292,649
16.524,-27.532,649
16.604,-27.772,649
16.684,-28.012,649
16.764,-28.252,649
16.844,-28.492,649
16.924,-28.732,649
17.004,-28.972,649
17.084,-29.212,649
17.164,-29.452,649
17.244,-29.692,649
17.324,-29.932,649
17.404,-30.172,649
17.484,-30.412,649
17.564,-30.652,649
17.644,-30.892,649
17.724,-31.132,649
17.804,-31.372,649
17.884,-31.612,649
17.964,-31.852,649
18.044,-32.092,649
18.124,-32.332,649
18.204,-32.572,649
18.284,-32.812,649
18.524,-32.63756,739
18.764,-32.56316,739
19.004,-32.48876,739
19.244,-32.41436,739
19.484,-32.33996,739
19.724,-32.26556,739
19.964,-32.19116,739
20.204,-32.11676,739
20.444,-32.04236,739
20.684,-31.96796,739
20.924,-31.89356,739
21.164,-31.81916,739
21.404,-31.74476,739
21.644,-31.67036,739
21.884,-31.59596,739
22.124,-31.52156,739
22.364,-31.44716,739
22.604,-31.37276,739
22.844,-31.29836,739
23.084,-31.22396,739
23.324,-31.14956,739
23.564,-31.07516,739
23.804,-31.00076,739
24.044,-30.92636,739
24.284,-30.85196,739
24.524,-30.77756,739
24.764,-30.70316,739
25.004,-30.62876,739
24.924,-30.11972,829
24.844,-29.87732,829
24.764,-29.63492,829
24.684,-29.39252,829
24.604,-29.15012,829
24.524,-28.90772,829
24.444,-28.66532,829
24.364,-28.42292,829
24.284,-28.18052,829
24.204,-27.93812,829
24.124,-27.69572,829
24.044,-27.45332,829
23.964,-27.21092,829
23.884,-26.96852,829
23.804,-26.72612,829
23.724,-26.48372,829
23.644,-26.24132,829
23.564,-25.99892,829
23.484,-25.75652,829
23.404,-25.51412,829
23.324,-25.27172,829
23.244,-25.02932,829
23.164,-24.78692,829
23.084,-24.54452,829
23.004,-24.30212,829
22.924,-24.05972,829
22.844,-23.81732,829
22.764,-23.57492,829
22.684,-23.33252,829
22.604,-23.09012,829
22.524,-22.84772,829
22.444,-22.60532,829
22.364,-22.36292,829
22.284,-22.12052,829
22.204,-21.87812,829
22.124,-21.63572,829
22.044,-21.39332,829
21.964,-21.15092,829
21.884,-20.90852,829
21.804,-20.66612,829
21.724,-20.42372,829
21.644,-20.18132,829
21.564,-19.93892,829
21.484,-19.69652,829
21.404,-19.45412,829
21.324,-19.21172,829
21.244,-18.96932,829
21.164,-18.72692,829
21.084,-18.48452,829
21.004,-18.24212,829
20.924,-17.99972,829
20.844,-17.75732,829
20.764,-17.51492,829
20.684,-17.27252,829
20.604,-17.03012,829
20.524,-16.78772,829
20.444,-16.54532,829
20.364,-16.30292,829
20.284,-16.06052,829
20.204,-15.81812,829
20.124,-15.57572,829
20.044,-15.33332,829
19.964,-15.09092,829
19.884,-14.84852,829
19.804,-14.60612,829
19.724,-14.36372,829
19.644,-14.12132,829
19.564,-13.87892,829
19.484,-13.63652,829
19.404,-13.39412,829
19.324,-13.15172,829
19.244,-12.90932,829
19.164,-12.66692,829
19.084,-12.42452,829
19.004,-12.18212,829
18.924,-11.93972,829
18.844,-11.69732,829
18.764,-11.45492,829
18.684,-11.21252,829
18.604,-10.97012,829
18.524,-10.72772,829
18.444,-10.48532,829
18.364,-10.24292,829
18.284,-10.00052,829
18.204,-9.75812,829
18.124,-9.51572,829
18.044,-9.27332,829
17.964,-9.03092,829
17.884,-8.78852,829
17.804,-8.54612,829
17.724,-8.30372,829
17.644,-8.06132,829
17.564,-7.81892,829
17.484,-7.57652,829
17.404,-7.33412,829
17.324,-7.09172,829
17.244,-6.84932,829
17.164,-6.60692,829
17.084,-6.36452,829
17.004,-6.12212,829
16.924,-5.87972,829
16.844,-5.63732,829
16.764,-5.39492,829
16.684,-5.15252,829
16.604,-4.91012,829
16.524,-4.66772,829
16.444,-4.42532,829
16.364,-4.18292,829
16.284,-3.94052,829
16.204,-3.69812,829
16.124,-3.45572,829
16.044,-3.21332,829
15.964,-2.97092,829
15.884,-2.72852,829
15.804,-2.48612,829
15.724,-2.24372,829
15.644,-2.00132,829
15.564,-1.75892,829
15.484,-1.51652,829
15.404,-1.27412,829
15.324,-1.03172,829
15.244,-0.78932,829
15.164,-0.54692,829
15.084,-0.30452,829
15.004,-0.06212,829
14.924,0.18028,829
14.844,0.42268,829
14.764,0.66508,829
14.684,0.90748,829
14.604,1.14988,829
14.524,1.39228,829
14.444,1.63468,829
14.364,1.87708,829
14.284,2.11948,829
14.204,2.36188,829
14.124,2.60428,829
14.044,2.84668,829
13.964,3.08908,829
13.884,3.33148,829
13.804,3.57388,829
13.724,3.81628,829
13.644,4.05868,829
13.564,4.30108,829
13.334,4.18692,919
13.104,4.09952,919
12.874,4.01212,919
12.644,3.92472,919
12.414,3.83732,919
12.184,3.74992,919
11.954,3.66252,919
11.724,3.57512,919
11.494,3.48772,919
11.264,3.40032,919
11.034,3.31292,919
10.804,3.22552,919
10.574,3.13812,919
10.344,3.05072,919
10.114,2.96332,919
9.884,2.87592,919
9.654,2.78852,919
9.424,2.70112,919
9.194,2.61372,919
8.964,2.52632,919
8.734,2.43892,919
8.504,2.35152,919
8.274,2.26412,919
8.044,2.17672,919
7.814,2.08932,919
7.584,2.00192,919
7.354,1.91452,919
7.124,1.82712,919
6.894,1.73972,919
6.664,1.65232,919
6.434,1.56492,919
6.204,1.47752,919
5.974,1.39012,919
5.744,1.30272,919
5.824,1.278,1009
5.904,1.038,1009
5.984,0.798,1009
6.064,0.558,1009
6.144,0.318,1009
6.224,0.078,1009
6.304,-0.162,1009
6.384,-0.402,1009
6.464,-0.642,1009
6.544,-0.882,1009
6.624,-1.122,1009
6.704,-1.362,1009
6.784,-1.602,1009
6.864,-1.842,1009
6.944,-2.082,1009
7.024,-2.322,1009
7.104,-2.562,1009
7.184,-2.802,1009
7.264,-3.042,1009
7.344,-3.282,1009
7.424,-3.522,1009
7.504,-3.762,1009
7.584,-4.002,1009
7.664,-4.242,1009
7.744,-4.482,1009
7.824,-4.722,1009
7.904,-4.962,1009
7.984,-5.202,1009
8.064,-5.442,1009
8.144,-5.682,1009
8.224,-5.922,1009
8.304,-6.162,1009
8.384,-6.402,1009
8.464,-6.642,1009
8.544,-6.882,1009
8.624,-7.122,1009
8.704,-7.362,1009
8.784,-7.602,1009
8.864,-7.842,1009
8.944,-8.082,1009
9.024,-8.322,1009
9.104,-8.562,1009
9.184,-8.802,1009
9.264,-9.042,1009
9.344,-9.282,1009
9.424,-9.522,1009
9.504,-9.762,1009
9.584,-10.002,1009
9.664,-10.242,1009
9.744,-10.482,1009
9.824,-10.722,1009
9.904,-10.962,1009
9.984,-11.202,1009
10.064,-11.442,1009
10.144,-11.682,1009
10.224,-11.922,1009
10.304,-12.162,1009
10.384,-12.402,1009
10.464,-12.642,1009
10.544,-12.882,1009
10.624,-13.122,1009
10.704,-13.362,1009
10.784,-13.602,1009
10.864,-13.842,1009
10.944,-14.082,1009
11.024,-14.322,1009
11.104,-14.562,1009
11.184,-14.802,1009
11.264,-15.042,1009
11.344,-15.282,1009
11.424,-15.522,1009
11.504,-15.762,1009
11.584,-16.002,1009
11.664,-16.242,1009
11.744,-16.482,1009
11.824,-16.722,1009
11.904,-16.962,1009
11.984,-17.202,1009
12.064,-17.442,1009
12.144,-17.682,1009
12.224,-17.922,1009
12.304,-18.162,1009
12.384,-18.402,1009
12.464,-18.642,1009
12.544,-18.882,1009
12.624,-19.122,1009
12.704,-19.362,1009
12.784,-19.602,1009
12.864,-19.842,1009
12.944,-20.082,1009
13.024,-20.322,1009
13.104,-20.562,1009
13.184,-20.802,1009
13.264,-21.042,1009
13.344,-21.282,1009
13.424,-21.522,1009
13.504,-21.762,1009
13.584,-22.002,1009
13.664,-22.242,1009
13.744,-22.482,1009
13.824,-22.722,1009
13.904,-22.962,1009
13.984,-23.202,1009
14.064,-23.442,1009
14.144,-23.682,1009
14.224,-23.922,1009
14.304,-24.162,1009
14.384,-24.402,1009
14.464,-24.642,1009
14.544,-24.882,1009
14.624,-25.122,1009
14.704,-25.362,1009
14.784,-25.602,1009
14.864,-25.842,1009
14.944,-26.082,1009
15.024,-26.322,1009
15.104,-26.562,1009
15.184,-26.802,1009
15.264,-27.042,1009
15.344,-27.282,1009
15.424,-27.522,1009
15.504,-27.762,1009
15.584,-28.002,1009
15.664,-28.242,1009
15.744,-28.482,1009
15.824,-28.722,1009
15.904,-28.962,1009
15.984,-29.202,1009
16.064,-29.442,1009
16.144,-29.682,1009
16.224,-29.922,1009
16.304,-30.162,1009
16.384,-30.402,1009
16.464,-30.642,1009
16.544,-30.882,1009
16.624,-31.122,1009
16.704,-31.362,1009
16.784,-31.602,1009
16.864,-31.842,1009
16.944,-32.082,1009
17.024,-32.322,1009
17.104,-32.562,1009
17.184,-32.802,1009
17.264,-33.042,1009
17.344,-33.282,1009
17.584,-32.92896,1099
17.824,-32.85456,1099
18.064,-32.78016,1099
18.304,-32.70576,1099
18.544,-32.63136,1099
18.784,-32.55696,1099
19.024,-32.48256,1099
19.264,-32.40816,1099
19.504,-32.33376,1099
19.744,-32.25936,1099
19.984,-32.18496,1099
20.224,-32.11056,1099
20.464,-32.03616,1099
20.704,-31.96176,1099
20.944,-31.88736,1099
21.184,-31.81296,1099
21.424,-31.73856,1099
21.664,-31.66416,1099
21.904,-31.58976,1099
22.144,-31.51536,1099
22.384,-31.44096,1099
22.624,-31.36656,1099
22.864,-31.29216,1099
23.104,-31.21776,1099
23.344,-31.14336,1099
23.584,-31.06896,1099
23.824,-30.99456,1099
24.064,-30.92016,1099
23.984,-30.64152,1189
23.904,-30.39912,1189
23.824,-30.15672,1189
23.744,-29.91432,1189
23.664,-29.67192,1189
23.584,-29.42952,1189
23.504,-29.18712,1189
23.424,-28.94472,1189
23.344,-28.70232,1189
23.264,-28.45992,1189
23.184,-28.21752,1189
23.104,-27.97512,1189
23.024,-27.73272,1189
22.944,-27.49032,1189
22.864,-27.24792,1189
22.784,-27.00552,1189
22.704,-26.76312,1189
22.624,-26.52072,1189
22.544,-26.27832,1189
22.464,-26.03592,1189
22.384,-25.79352,1189
22.304,-25.55112,1189
22.224,-25.30872,1189
22.144,-25.06632,1189
22.064,-24.82392,1189
21.984,-24.58152,1189
21.904,-24.33912,1189
21.824,-24.09672,1189
21.744,-23.85432,1189
21.664,-23.61192,1189
21.584,-23.36952,1189
21.504,-23.12712,1189
21.424,-22.88472,1189
21.344,-22.64232,1189
21.264,-22.39992,1189
21.184,-22.15752,1189
21.104,-21.91512,1189
21.024,-21.67272,1189
20.944,-21.43032,1189
20.864,-21.18792,1189
20.784,-20.94552,1189
20.704,-20.70312,1189
20.624,-20.46072,1189
20.544,-20.21832,1189
20.464,-19.97592,1189
20.384,-19.73352,1189
20.304,-19.49112,1189
20.224,-19.24872,1189
20.144,-19.00632,1189
20.064,-18.76392,1189
19.984,-18.52152,1189
19.904,-18.27912,1189
19.824,-18.03672,1189
19.744,-17.79432,1189
19.664,-17.55192,1189
19.584,-17.30952,1189
19.504,-17.06712,1189
19.424,-16.82472,1189
19.344,-16.58232,1189
19.264,-16.33992,1189
19.184,-16.09752,1189
19.104,-15.85512,1189
19.024,-15.61272,1189
18.944,-15.37032,1189
18.864,-15.12792,1189
18.784,-14.88552,1189
18.704,-14.64312,1189
18.624,-14.40072,1189
18.544,-14.15832,1189
18.464,-13.91592,1189
18.384,-13.67352,1189
18.304,-13.43112,1189
18.224,-13.18872,1189
18.144,-12.94632,1189
18.064,-12.70392,1189
17.984,-12.46152,1189
17.904,-12.21912,1189
17.824,-11.97672,1189
17.744,-11.73432,1189
17.664,-11.49192,1189
17.584,-11.24952,1189
17.504,-11.00712,1189
17.424,-10.76472,1189
17.344,-10.52232,1189
17.264,-10.27992,1189
17.184,-10.03752,1189
17.104,-9.79512,1189
17.024,-9.55272,1189
16.944,-9.31032,1189
16.864,-9.06792,1189
16.784,-8.82552,1189
16.704,-8.58312,1189
16.624,-8.34072,1189
16.544,-8.09832,1189
16.464,-7.85592,1189
16.384,-7.61352,1189
16.304,-7.37112,1189
16.224,-7.12872,1189
16.144,-6.88632,1189
16.064,-6.64392,1189
15.984,-6.40152,1189
15.904,-6.15912,1189
15.824,-5.91672,1189
15.744,-5.67432,1189
15.664,-5.43192,1189
15.584,-5.18952,1189
15.504,-4.94712,1189
15.424,-4.70472,1189
15.344,-4.46232,1189
15.264,-4.21992,1189
15.184,-3.97752,1189
15.104,-3.73512,1189
15.024,-3.49272,1189
14.944,-3.25032,1189
14.864,-3.00792,1189
14.784,-2.76552,1189
14.704,-2.52312,1189
14.624,-2.28072,1189
14.544,-2.03832,1189
14.464,-1.79592,1189
14.384,-1.55352,1189
14.304,-1.31112,1189
14.224,-1.06872,1189
14.144,-0.82632,1189
14.064,-0.58392,1189
13.984,-0.34152,1189
13.904,-0.09912,1189
13.824,0.14328,1189
13.744,0.38568,1189
13.664,0.62808,1189
13.584,0.87048,1189
13.504,1.11288,1189
13.424,1.35528,1189
13.344,1.59768,1189
13.264,1.84008,1189
13.184,2.08248,1189
13.104,2.32488,1189
13.024,2.56728,1189
12.944,2.80968,1189
12.864,3.05208,1189
12.784,3.29448,1189
12.704,3.53688,1189
12.624,3.77928,1189
12.394,3.82972,1279
12.164,3.74232,1279
11.934,3.65492,1279
11.704,3.56752,1279
11.474,3.48012,1279
11.244,3.39272,1279
11.014,3.30532,1279
10.784,3.21792,1279
10.554,3.13052,1279
10.324,3.04312,1279
10.094,2.95572,1279
9.864,2.86832,1279
9.634,2.78092,1279
9.404,2.69352,1279
9.174,2.60612,1279
8.944,2.51872,1279
8.714,2.43132,1279
8.484,2.34392,1279
8.254,2.25652,1279
8.024,2.16912,1279
7.794,2.08172,1279
7.564,1.99432,1279
7.334,1.90692,1279
7.104,1.81952,1279
6.874,1.73212,1279
6.644,1.64472,1279
6.414,1.55732,1279
6.184,1.46992,1279
5.954,1.38252,1279
5.724,1.29512,1279
5.494,1.20772,1279
5.264,1.12032,1279
5.034,1.03292,1279
4.804,0.94552,1279
4.884,0.818,1369
4.964,0.578,1369
5.044,0.338,1369
5.124,0.098,1369
5.204,-0.142,1369
5.284,-0.382,1369
5.364,-0.622,1369
5.444,-0.862,1369
5.524,-1.102,1369
5.604,-1.342,1369
5.684,-1.582,1369
5.764,-1.822,1369
5.844,-2.062,1369
5.924,-2.302,1369
6.004,-2.542,1369
6.084,-2.782,1369
6.164,-3.022,1369
6.244,-3.262,1369
6.324,-3.502,1369
6.404,-3.742,1369
6.484,-3.982,1369
6.564,-4.222,1369
6.644,-4.462,1369
6.724,-4.702,1369
6.804,-4.942,1369
6.884,-5.182,1369
6.964,-5.422,1369
7.044,-5.662,1369
7.124,-5.902,1369
7.204,-6.142,1369
7.284,-6.382,1369
7.364,-6.622,1369
7.444,-6.862,1369
7.524,-7.102,1369
7.604,-7.342,1369
7.684,-7.582,1369
7.764,-7.822,1369
7.844,-8.062,1369
7.924,-8.302,1369
8.004,-8.542,1369
8.084,-8.782,1369
8.164,-9.022,1369
8.244,-9.262,1369
8.324,-9.502,1369
8.404,-9.742,1369
8.484,-9.982,1369
8.564,-10.222,1369
8.644,-10.462,1369
8.724,-10.702,1369
8.804,-10.942,1369
8.884,-11.182,1369
8.964,-11.422,1369
9.044,-11.662,1369
9.124,-11.902,1369
9.204,-12.142,1369
9.284,-12.382,1369
9.364,-12.622,1369
9.444,-12.862,1369
9.524,-13.102,1369
9.604,-13.342,1369
9.684,-13.582,1369
9.764,-13.822,1369
9.844,-14.062,1369
9.924,-14.302,1369
10.004,-14.542,1369
10.084,-14.782,1369
10.164,-15.022,1369
10.244,-15.262,1369
10.324,-15.502,1369
10.404,-15.742,1369
10.484,-15.982,1369
10.564,-16.222,1369
10.644,-16.462,1369
10.724,-16.702,1369
10.804,-16.942,1369
10.884,-17.182,1369
10.964,-17.422,1369
11.044,-17.662,1369
11.124,-17.902,1369
11.204,-18.142,1369
11.284,-18.382,1369
11.364,-18.622,1369
11.444,-18.862,1369
11.524,-19.102,1369
11.604,-19.342,1369
11.684,-19.582,1369
11.764,-19.822,1369
11.844,-20.062,1369
11.924,-20.302,1369
12.004,-20.542,1369
12.084,-20.782,1369
12.164,-21.022,1369
12.244,-21.262,1369
12.324,-21.502,1369
12.404,-21.742,1369
12.484,-21.982,1369
12.564,-22.222,1369
12.644,-22.462,1369
12.724,-22.702,1369
12.804,-22.942,1369
12.884,-23.182,1369
12.964,-23.422,1369
13.044,-23.662,1369
13.124,-23.902,1369
13.204,-24.142,1369
13.284,-24.382,1369
13.364,-24.622,1369
13.444,-24.862,1369
13.524,-25.102,1369
13.604,-25.342,1369
13.684,-25.582,1369
13.764,-25.822,1369
13.844,-26.062,1369
13.924,-26.302,1369
14.004,-26.542,1369
14.084,-26.782,1369
14.164,-27.022,1369
14.244,-27.262,1369
14.324,-27.502,1369
14.404,-27.742,1369
14.484,-27.982,1369
14.564,-28.222,1369
14.644,-28.462,1369
14.724,-28.702,1369
14.804,-28.942,1369
14.884,-29.182,1369
14.964,-29.422,1369
15.044,-29.662,1369
15.124,-29.902,1369
15.204,-30.142,1369
15.284,-30.382,1369
15.364,-30.622,1369
15.444,-30.862,1369
15.524,-31.102,1369
15.604,-31.342,1369
15.684,-31.582,1369
15.764,-31.822,1369
15.844,-32.062,1369
15.924,-32.302,1369
16.004,-32.542,1369
16.084,-32.782,1369
16.164,-33.022,1369
16.244,-33.262,1369
16.324,-33.502,1369
16.404,-33.742,1369
16.644,-33.22036,1459
16.884,-33.14596,1459
17.124,-33.07156,1459
17.364,-32.99716,1459
17.604,-32.92276,1459
17.844,-32.84836,1459
18.084,-32.77396,1459
18.324,-32.69956,1459
18.564,-32.62516,1459
18.804,-32.55076,1459
19.044,-32.47636,1459
19.284,-32.40196,1459
19.524,-32.32756,1459
19.764,-32.25316,1459
20.004,-32.17876,1459
20.244,-32.10436,1459
20.484,-32.02996,1459
20.724,-31.95556,1459
20.964,-31.88116,1459
21.204,-31.80676,1459
21.444,-31.73236,1459
21.684,-31.65796,1459
21.924,-31.58356,1459
22.164,-31.50916,1459
22.404,-31.43476,1459
22.644,-31.36036,1459
22.884,-31.28596,1459
23.124,-31.21156,1459
23.044,-30.92288,1549
22.964,-30.68128,1549
22.884,-30.43968,1549
22.804,-30.19808,1549
22.724,-29.95648,1549
22.644,-29.71488,1549
22.564,-29.47328,1549
22.484,-29.23168,1549
22.404,-28.99008,1549
22.324,-28.74848,1549
22.244,-28.50688,1549
22.164,-28.26528,1549
22.084,-28.02368,1549
22.004,-27.78208,1549
21.924,-27.54048,1549
21.844,-27.29888,1549
21.764,-27.05728,1549
21.684,-26.81568,1549
21.604,-26.57408,1549
21.524,-26.33248,1549
21.444,-26.09088,1549
21.364,-25.84928,1549
21.284,-25.60768,1549
21.204,-25.36608,1549
21.124,-25.12448,1549
21.044,-24.88288,1549
20.964,-24.64128,1549
20.884,-24.39968,1549
20.804,-24.15808,1549
20.724,-23.91648,1549
20.644,-23.67488,1549
20.564,-23.43328,1549
20.484,-23.19168,1549
20.404,-22.95008,1549
20.324,-22.70848,1549
20.244,-22.46688,1549
20.164,-22.22528,1549
20.084,-21.98368,1549
20.004,-21.74208,1549
19.924,-21.50048,1549
19.844,-21.25888,1549
19.764,-21.01728,1549
19.684,-20.77568,1549
19.604,-20.53408,1549
19.524,-20.29248,1549
19.444,-20.05088,1549
19.364,-19.80928,1549
19.284,-19.56768,1549
19.204,-19.32608,1549
19.124,-19.08448,1549
19.044,-18.84288,1549
18.964,-18.60128,1549
18.884,-18.35968,1549
18.804,-18.11808,1549
18.724,-17.87648,1549
18.644,-17.63488,1549
18.564,-17.39328,1549
18.484,-17.15168,1549
18.404,-16.91008,1549
18.324,-16.66848,1549
18.244,-16.42688,1549
18.164,-16.18528,1549
18.084,-15.94368,1549
18.004,-15.70208,1549
17.924,-15.46048,1549
17.844,-15.21888,1549
17.764,-14.97728,1549
17.684,-14.73568,1549
17.604,-14.49408,1549
17.524,-14.25248,1549
17.444,-14.01088,1549
17.364,-13.76928,1549
17.284,-13.52768,1549
17.204,-13.28608,1549
17.124,-13.04448,1549
17.044,-12.80288,1549
16.964,-12.56128,1549
16.884,-12.31968,1549
16.804,-12.07808,1549
16.724,-11.83648,1549
16.644,-11.59488,1549
16.564,-11.35328,1549
16.484,-11.11168,1549
16.404,-10.87008,1549
16.324,-10.62848,1549
16.244,-10.38688,1549
16.164,-10.14528,1549
16.084,-9.90368,1549
16.004,-9.66208,1549
15.924,-9.42048,1549
15.844,-9.17888,1549
15.764,-8.93728,1549
15.684,-8.69568,1549
15.604,-8.45408,1549
15.524,-8.21248,1549
15.444,-7.97088,1549
15.364,-7.72928,1549
15.284,-7.48768,1549
15.204,-7.24608,1549
15.124,-7.00448,1549
15.044,-6.76288,1549
14.964,-6.52128,1549
14.884,-6.27968,1549
14.804,-6.03808,1549
14.724,-5.79648,1549
14.644,-5.55488,1549
14.564,-5.31328,1549
14.484,-5.07168,1549
14.404,-4.83008,1549
14.324,-4.58848,1549
14.244,-4.34688,1549
14.164,-4.10528,1549
14.084,-3.86368,1549
14.004,-3.62208,1549
13.924,-3.38048,1549
13.844,-3.13888,1549
13.764,-2.89728,1549
13.684,-2.65568,1549
13.604,-2.41408,1549
13.524,-2.17248,1549
13.444,-1.93088,1549
13.364,-1.68928,1549
13.284,-1.44768,1549
13.204,-1.20608,1549
13.124,-0.96448,1549
13.044,-0.72288,1549
12.964,-0.48128,1549
12.884,-0.23968,1549
12.804,0.00192,1549
12.724,0.24352,1549
12.644,0.48512,1549
12.564,0.72672,1549
12.484,0.96832,1549
12.404,1.20992,1549
12.324,1.45152,1549
12.244,1.69312,1549
12.164,1.93472,1549
12.084,2.17632,1549
12.004,2.41792,1549
11.924,2.65952,1549
11.844,2.90112,1549
11.764,3.14272,1549
11.684,3.38432,1549
11.604,3.62592,1549
11.374,3.44212,1639
11.144,3.35472,1639
10.914,3.26732,1639
10.684,3.17992,1639
10.454,3.09252,1639
10.224,3.00512,1639
9.994,2.91772,1639
9.764,2.83032,1639
9.534,2.74292,1639
9.304,2.65552,1639
9.074,2.56812,1639
8.844,2.48072,1639
8.614,2.39332,1639
8.384,2.30592,1639
8.154,2.21852,1639
7.924,2.13112,1639
7.694,2.04372,1639
7.464,1.95632,1639
7.234,1.86892,1639
7.004,1.78152,1639
6.774,1.69412,1639
6.544,1.60672,1639
6.314,1.51932,1639
6.084,1.43192,1639
5.854,1.34452,1639
5.624,1.25712,1639
5.394,1.16972,1639
5.164,1.08232,1639
4.934,0.99492,1639
4.704,0.90752,1639
4.474,0.82012,1639
4.244,0.73272,1639
4.014,0.64532,1639
4.094,-0.082,1729
4.174,-0.322,1729
4.254,-0.562,1729
4.334,-0.802,1729
4.414,-1.042,1729
4.494,-1.282,1729
4.574,-1.522,1729
4.654,-1.762,1729
4.734,-2.002,1729
4.814,-2.242,1729
4.894,-2.482,1729
4.974,-2.722,1729
5.054,-2.962,1729
5.134,-3.202,1729
5.214,-3.442,1729
5.294,-3.682,1729
5.374,-3.922,1729
5.454,-4.162,1729
5.534,-4.402,1729
5.614,-4.642,1729
5.694,-4.882,1729
5.774,-5.122,1729
5.854,-5.362,1729
5.934,-5.602,1729
6.014,-5.842,1729
6.094,-6.082,1729
6.174,-6.322,1729
6.254,-6.562,1729
6.334,-6.802,1729
6.414,-7.042,1729
6.494,-7.282,1729
6.574,-7.522,1729
6.654,-7.762,1729
6.734,-8.002,1729
6.814,-8.242,1729
6.894,-8.482,1729
6.974,-8.722,1729
7.054,-8.962,1729
7.134,-9.202,1729
7.214,-9.442,1729
7.294,-9.682,1729
7.374,-9.922,1729
7.454,-10.162,1729
7.534,-10.402,1729
7.614,-10.642,1729
7.694,-10.882,1729
7.774,-11.122,1729
7.854,-11.362,1729
7.934,-11.602,1729
8.014,-11.842,1729
8.094,-12.082,1729
8.174,-12.322,1729
8.254,-12.562,1729
8.334,-12.802,1729
8.414,-13.042,1729
8.494,-13.282,1729
8.574,-13.522,1729
8.654,-13.762,1729
8.734,-14.002,1729
8.814,-14.242,1729
8.894,-14.482,1729
8.974,-14.722,1729
9.054,-14.962,1729
9.134,-15.202,1729
9.214,-15.442,1729
9.294,-15.682,1729
9.374,-15.922,1729
9.454,-16.162,1729
9.534,-16.402,1729
9.614,-16.642,1729
9.694,-16.882,1729
9.774,-17.122,1729
9.854,-17.362,1729
9.934,-17.602,1729
10.014,-17.842,1729
10.094,-18.082,1729
10.174,-18.322,1729
10.254,-18.562,1729
10.334,-18.802,1729
10.414,-19.042,1729
10.494,-19.282,1729
10.574,-19.522,1729
10.654,-19.762,1729
10.734,-20.002,1729
10.814,-20.242,1729
10.894,-20.482,1729
10.974,-20.722,1729
11.054,-20.962,1729
11.134,-21.202,1729
11.214,-21.442,1729
11.294,-21.682,1729
11.374,-21.922,1729
11.454,-22.162,1729
11.534,-22.402,1729
11.614,-22.642,1729
11.694,-22.882,1729
11.774,-23.122,1729
11.854,-23.362,1729
11.934,-23.602,1729
12.014,-23.842,1729
12.094,-24.082,1729
12.174,-24.322,1729
12.254,-24.562,1729
12.334,-24.802,1729
12.414,-25.042,1729
12.494,-25.282,1729
12.574,-25.522,1729
12.654,-25.762,1729
12.734,-26.002,1729
12.814,-26.242,1729
12.894,-26.482,1729
12.974,-26.722,1729
13.054,-26.962,1729
13.134,-27.202,1729
13.214,-27.442,1729
13.294,-27.682,1729
13.374,-27.922,1729
13.454,-28.162,1729
13.534,-28.402,1729
13.614,-28.642,1729
13.694,-28.882,1729
13.774,-29.122,1729
13.854,-29.362,1729
13.934,-29.602,1729
14.014,-29.842,1729
14.094,-30.082,1729
14.174,-30.322,1729
14.254,-30.562,1729
14.334,-30.802,1729
14.414,-31.042,1729
14.494,-31.282,1729
14.574,-31.522,1729
14.654,-31.762,1729
14.734,-32.002,1729
14.814,-32.242,1729
14.894,-32.482,1729
14.974,-32.722,1729
15.054,-32.962,1729
15.134,-33.202,1729
15.214,-33.442,1729
15.294,-33.682,1729
15.374,-33.922,1729
15.614,-33.53966,1819
15.854,-33.46526,1819
16.094,-33.39086,1819
16.334,-33.31646,1819
16.574,-33.24206,1819
16.814,-33.16766,1819
17.054,-33.09326,1819
17.294,-33.01886,1819
17.534,-32.94446,1819
17.774,-32.87006,1819
18.014,-32.79566,1819
18.254,-32.72126,1819
18.494,-32.64686,1819
18.734,-32.57246,1819
18.974,-32.49806,1819
19.214,-32.42366,1819
19.454,-32.34926,1819
19.694,-32.27486,1819
19.934,-32.20046,1819
20.174,-32.12606,1819
20.414,-32.05166,1819
20.654,-31.97726,1819
20.894,-31.90286,1819
21.134,-31.82846,1819
21.374,-31.75406,1819
21.614,-31.67966,1819
21.854,-31.60526,1819
22.094,-31.53086,1819
22.014,-30.94214,1909
21.934,-30.70134,1909
21.854,-30.46054,1909
21.774,-30.21974,1909
21.694,-29.97894,1909
21.614,-29.73814,1909
21.534,-29.49734,1909
21.454,-29.25654,1909
21.374,-29.01574,1909
21.294,-28.77494,1909
21.214,-28.53414,1909
21.134,-28.29334,1909
21.054,-28.05254,1909
20.974,-27.81174,1909
20.894,-27.57094,1909
20.814,-27.33014,1909
20.734,-27.08934,1909
20.654,-26.84854,1909
20.574,-26.60774,1909
20.494,-26.36694,1909
20.414,-26.12614,1909
20.334,-25.88534,1909
20.254,-25.64454,1909
20.174,-25.40374,1909
20.094,-25.16294,1909
20.014,-24.92214,1909
19.934,-24.68134,1909
19.854,-24.44054,1909
19.774,-24.19974,1909
19.694,-23.95894,1909
19.614,-23.71814,1909
19.534,-23.47734,1909
19.454,-23.23654,1909
19.374,-22.99574,1909
19.294,-22.75494,1909
19.214,-22.51414,1909
19.134,-22.27334,1909
19.054,-22.03254,1909
18.974,-21.79174,1909
18.894,-21.55094,1909
18.814,-21.31014,1909
18.734,-21.06934,1909
18.654,-20.82854,1909
18.574,-20.58774,1909
18.494,-20.34694,1909
18.414,-20.10614,1909
18.334,-19.86534,1909
18.254,-19.62454,1909
18.174,-19.38374,1909
18.094,-19.14294,1909
18.014,-18.90214,1909
17.934,-18.66134,1909
17.854,-18.42054,1909
17.774,-18.17974,1909
17.694,-17.93894,1909
17.614,-17.69814,1909
17.534,-17.45734,1909
17.454,-17.21654,1909
17.374,-16.97574,1909
17.294,-16.73494,1909
17.214,-16.49414,1909
17.134,-16.25334,1909
17.054,-16.01254,1909
16.974,-15.77174,1909
16.894,-15.53094,1909
16.814,-15.29014,1909
16.734,-15.04934,1909
16.654,-14.80854,1909
16.574,-14.56774,1909
16.494,-14.32694,1909
16.414,-14.08614,1909
16.334,-13.84534,1909
16.254,-13.60454,1909
16.174,-13.36374,1909
16.094,-13.12294,1909
16.014,-12.88214,1909
15.934,-12.64134,1909
15.854,-12.40054,1909
15.774,-12.15974,1909
15.694,-11.91894,1909
15.614,-11.67814,1909
15.534,-11.43734,1909
15.454,-11.19654,1909
15.374,-10.95574,1909
15.294,-10.71494,1909
15.214,-10.47414,1909
15.134,-10.23334,1909
15.054,-9.99254,1909
14.974,-9.75174,1909
14.894,-9.51094,1909
14.814,-9.27014,1909
14.734,-9.02934,1909
14.654,-8.78854,1909
14.574,-8.54774,1909
14.494,-8.30694,1909
14.414,-8.06614,1909
14.334,-7.82534,1909
14.254,-7.58454,1909
14.174,-7.34374,1909
14.094,-7.10294,1909
14.014,-6.86214,1909
13.934,-6.62134,1909
13.854,-6.38054,1909
13.774,-6.13974,1909
13.694,-5.89894,1909
13.614,-5.65814,1909
13.534,-5.41734,1909
13.454,-5.17654,1909
13.374,-4.93574,1909
13.294,-4.69494,1909
13.214,-4.45414,1909
13.134,-4.21334,1909
13.054,-3.97254,1909
12.974,-3.73174,1909
12.894,-3.49094,1909
12.814,-3.25014,1909
12.734,-3.00934,1909
12.654,-2.76854,1909
12.574,-2.52774,1909
12.494,-2.28694,1909
12.414,-2.04614,1909
12.334,-1.80534,1909
12.254,-1.56454,1909
12.174,-1.32374,1909
12.094,-1.08294,1909
12.014,-0.84214,1909
11.934,-0.60134,1909
11.854,-0.36054,1909
11.774,-0.11974,1909
11.694,0.12106,1909
11.614,0.36186,1909
11.534,0.60266,1909
11.454,0.84346,1909
11.374,1.08426,1909
11.294,1.32506,1909
11.214,1.56586,1909
11.134,1.80666,1909
11.054,2.04746,1909
10.974,2.28826,1909
10.894,2.52906,1909
10.814,2.76986,1909
10.734,3.01066,1909
10.654,3.25146,1909
10.424,3.08112,1999
10.194,2.99372,1999
9.964,2.90632,1999
9.734,2.81892,1999
9.504,2.73152,1999
9.274,2.64412,1999
9.044,2.55672,1999
8.814,2.46932,1999
8.584,2.38192,1999
8.354,2.29452,1999
8.124,2.20712,1999
7.894,2.11972,1999
7.664,2.03232,1999
7.434,1.94492,1999
7.204,1.85752,1999
6.974,1.77012,1999
6.744,1.68272,1999
6.514,1.59532,1999
6.284,1.50792,1999
6.054,1.42052,1999
5.824,1.33312,1999
5.594,1.24572,1999
5.364,1.15832,1999
5.134,1.07092,1999
4.904,0.98352,1999
4.674,0.89612,1999
4.444,0.80872,1999
4.214,0.72132,1999
3.984,0.63392,1999
3.754,0.54652,1999
3.524,0.45912,1999
3.294,0.37172,1999
3.064,0.28432,1999
2.834,0.19692,1999
2.914,0.198,2089
2.994,-0.042,2089
3.074,-0.282,2089
3.154,-0.522,2089
3.234,-0.762,2089
3.314,-1.002,2089
3.394,-1.242,2089
3.474,-1.482,2089
3.554,-1.722,2089
3.634,-1.962,2089
3.714,-2.202,2089
3.794,-2.442,2089
3.874,-2.682,2089
3.954,-2.922,2089
4.034,-3.162,2089
4.114,-3.402,2089
4.194,-3.642,2089
4.274,-3.882,2089
4.354,-4.122,2089
4.434,-4.362,2089
4.514,-4.602,2089
4.594,-4.842,2089
4.674,-5.082,2089
4.754,-5.322,2089
4.834,-5.562,2089
4.914,-5.802,2089
4.994,-6.042,2089
5.074,-6.282,2089
5.154,-6.522,2089
5.234,-6.762,2089
5.314,-7.002,2089
5.394,-7.242,2089
5.474,-7.482,2089
5.554,-7.722,2089
5.634,-7.962,2089
5.714,-8.202,2089
5.794,-8.442,2089
5.874,-8.682,2089
5.954,-8.922,2089
6.034,-9.162,2089
6.114,-9.402,2089
6.194,-9.642,2089
6.274,-9.882,2089
6.354,-10.122,2089
6.434,-10.362,2089
6.514,-10.602,2089
6.594,-10.842,2089
6.674,-11.082,2089
6.754,-11.322,2089
6.834,-11.562,2089
6.914,-11.802,2089
6.994,-12.042,2089
7.074,-12.282,2089
7.154,-12.522,2089
7.234,-12.762,2089
7.314,-13.002,2089
7.394,-13.242,2089
7.474,-13.482,2089
7.554,-13.722,2089
7.634,-13.962,2089
7.714,-14.202,2089
7.794,-14.442,2089
7.874,-14.682,2089
7.954,-14.922,2089
8.034,-15.162,2089
8.114,-15.402,2089
8.194,-15.642,2089
8.274,-15.882,2089
8.354,-16.122,2089
8.434,-16.362,2089
8.514,-16.602,2089
8.594,-16.842,2089
8.674,-17.082,2089
8.754,-17.322,2089
8.834,-17.562,2089
8.914,-17.802,2089
8.994,-18.042,2089
9.074,-18.282,2089
9.154,-18.522,2089
9.234,-18.762,2089
9.314,-19.002,2089
9.394,-19.242,2089
9.474,-19.482,2089
9.554,-19.722,2089
9.634,-19.962,2089
9.714,-20.202,2089
9.794,-20.442,2089
9.874,-20.682,2089
9.954,-20.922,2089
10.034,-21.162,2089
10.114,-21.402,2089
10.194,-21.642,2089
10.274,-21.882,2089
10.354,-22.122,2089
10.434,-22.362,2089
10.514,-22.602,2089
10.594,-22.842,2089
10.674,-23.082,2089
10.754,-23.322,2089
10.834,-23.562,2089
10.914,-23.802,2089
10.994,-24.042,2089
11.074,-24.282,2089
11.154,-24.522,2089
11.234,-24.762,2089
11.314,-25.002,2089
11.394,-25.242,2089
11.474,-25.482,2089
11.554,-25.722,2089
11.634,-25.962,2089
11.714,-26.202,2089
11.794,-26.442,2089
11.874,-26.682,2089
11.954,-26.922,2089
12.034,-27.162,2089
12.114,-27.402,2089
12.194,-27.642,2089
12.274,-27.882,2089
12.354,-28.122,2089
12.434,-28.362,2089
12.514,-28.602,2089
12.594,-28.842,2089
12.674,-29.082,2089
12.754,-29.322,2089
12.834,-29.562,2089
12.914,-29.802,2089
12.994,-30.042,2089
13.074,-30.282,2089
13.154,-30.522,2089
13.234,-30.762,2089
13.314,-31.002,2089
13.394,-31.242,2089
13.474,-31.482,2089
13.554,-31.722,2089
13.634,-31.962,2089
13.714,-32.202,2089
13.794,-32.442,2089
13.874,-32.682,2089
13.954,-32.922,2089
14.034,-33.162,2089
14.114,-33.402,2089
14.194,-33.642,2089
14.274,-33.882,2089
14.354,-34.122,2089
14.434,-34.362,2089
14.674,-33.83106,2179
14.914,-33.75666,2179
15.154,-33.68226,2179
15.394,-33.60786,2179
15.634,-33.53346,2179
15.874,-33.45906,2179
16.114,-33.38466,2179
16.354,-33.31026,2179
16.594,-33.23586,2179
16.834,-33.16146,2179
17.074,-33.08706,2179
17.314,-33.01266,2179
17.554,-32.93826,2179
17.794,-32.86386,2179
18.034,-32.78946,2179
18.274,-32.71506,2179
18.514,-32.64066,2179
18.754,-32.56626,2179
18.994,-32.49186,2179
19.234,-32.41746,2179
19.474,-32.34306,2179
19.714,-32.26866,2179
19.954,-32.19426,2179
20.194,-32.11986,2179
20.434,-32.04546,2179
20.674,-31.97106,2179
20.914,-31.89666,2179
21.154,-31.82226,2179
21.074,-31.43274,2269
20.994,-31.19194,2269
20.914,-30.95114,2269
20.834,-30.71034,2269
20.754,-30.46954,2269
20.674,-30.22874,2269
20.594,-29.98794,2269
20.514,-29.74714,2269
20.434,-29.50634,2269
20.354,-29.26554,2269
20.274,-29.02474,2269
20.194,-28.78394,2269
20.114,-28.54314,2269
20.034,-28.30234,2269
19.954,-28.06154,2269
19.874,-27.82074,2269
19.794,-27.57994,2269
19.714,-27.33914,2269
19.634,-27.09834,2269
19.554,-26.85754,2269
19.474,-26.61674,2269
19.394,-26.37594,2269
19.314,-26.13514,2269
19.234,-25.89434,2269
19.154,-25.65354,2269
19.074,-25.41274,2269
18.994,-25.17194,2269
18.914,-24.93114,2269
18.834,-24.69034,2269
18.754,-24.44954,2269
18.674,-24.20874,2269
18.594,-23.96794,2269
18.514,-23.72714,2269
18.434,-23.48634,2269
18.354,-23.24554,2269
18.274,-23.00474,2269
18.194,-22.76394,2269
18.114,-22.52314,2269
18.034,-22.28234,2269
17.954,-22.04154,2269
17.874,-21.80074,2269
17.794,-21.55994,2269
17.714,-21.31914,2269
17.634,-21.07834,2269
17.554,-20.83754,2269
17.474,-20.59674,2269
17.394,-20.35594,2269
17.314,-20.11514,2269
17.234,-19.87434,2269
17.154,-19.63354,2269
17.074,-19.39274,2269
16.994,-19.15194,2269
16.914,-18.91114,2269
16.834,-18.67034,2269
16.754,-18.42954,2269
16.674,-18.18874,2269
16.594,-17.94794,2269
16.514,-17.70714,2269
16.434,-17.46634,2269
16.354,-17.22554,2269
16.274,-16.98474,2269
16.194,-16.74394,2269
16.114,-16.50314,2269
16.034,-16.26234,2269
15.954,-16.02154,2269
15.874,-15.78074,2269
15.794,-15.53994,2269
15.714,-15.29914,2269
15.634,-15.05834,2269
15.554,-14.81754,2269
15.474,-14.57674,2269
15.394,-14.33594,2269
15.314,-14.09514,2269
15.234,-13.85434,2269
15.154,-13.61354,2269
15.074,-13.37274,2269
14.994,-13.13194,2269
14.914,-12.89114,2269
14.834,-12.65034,2269
14.754,-12.40954,2269
14.674,-12.16874,2269
14.594,-11.92794,2269
14.514,-11.68714,2269
14.434,-11.44634,2269
14.354,-11.20554,2269
14.274,-10.96474,2269
14.194,-10.72394,2269
14.114,-10.48314,2269
14.034,-10.24234,2269
13.954,-10.00154,2269
13.874,-9.76074,2269
13.794,-9.51994,2269
13.714,-9.27914,2269
13.634,-9.03834,2269
13.554,-8.79754,2269
13.474,-8.55674,2269
13.394,-8.31594,2269
13.314,-8.07514,2269
13.234,-7.83434,2269
13.154,-7.59354,2269
13.074,-7.35274,2269
12.994,-7.11194,2269
12.914,-6.87114,2269
12.834,-6.63034,2269
12.754,-6.38954,2269
12.674,-6.14874,2269
12.594,-5.90794,2269
12.514,-5.66714,2269
12.434,-5.42634,2269
12.354,-5.18554,2269
12.274,-4.94474,2269
12.194,-4.70394,2269
12.114,-4.46314,2269
12.034,-4.22234,2269
11.954,-3.98154,2269
11.874,-3.74074,2269
11.794,-3.49994,2269
11.714,-3.25914,2269
11.634,-3.01834,2269
11.554,-2.77754,2269
11.474,-2.53674,2269
11.394,-2.29594,2269
11.314,-2.05514,2269
11.234,-1.81434,2269
11.154,-1.57354,2269
11.074,-1.33274,2269
10.994,-1.09194,2269
10.914,-0.85114,2269
10.834,-0.61034,2269
10.754,-0.36954,2269
10.674,-0.12874,2269
10.594,0.11206,2269
10.514,0.35286,2269
10.434,0.59366,2269
10.354,0.83446,2269
10.274,1.07526,2269
10.194,1.31606,2269
10.114,1.55686,2269
10.034,1.79766,2269
9.954,2.03846,2269
9.874,2.27926,2269
9.794,2.52006,2269
9.714,2.76086,2269
9.484,2.72392,2359
9.254,2.63652,2359
9.024,2.54912,2359
8.794,2.46172,2359
8.564,2.37432,2359
8.334,2.28692,2359
8.104,2.19952,2359
7.874,2.11212,2359
7.644,2.02472,2359
7.414,1.93732,2359
7.184,1.84992,2359
6.954,1.76252,2359
6.724,1.67512,2359
6.494,1.58772,2359
6.264,1.50032,2359
6.034,1.41292,2359
5.804,1.32552,2359
5.574,1.23812,2359
5.344,1.15072,2359
5.114,1.06332,2359
4.884,0.97592,2359
4.654,0.88852,2359
4.424,0.80112,2359
4.194,0.71372,2359
3.964,0.62632,2359
3.734,0.53892,2359
3.504,0.45152,2359
3.274,0.36412,2359
3.044,0.27672,2359
2.814,0.18932,2359
2.584,0.10192,2359
2.354,0.01452,2359
2.124,-0.07288,2359
1.894,-0.16028,2359
1.974,-0.222,2449
2.054,-0.462,2449
2.134,-0.702,2449
2.214,-0.942,2449
2.294,-1.182,2449
2.374,-1.422,2449
2.454,-1.662,2449
2.534,-1.902,2449
2.614,-2.142,2449
2.694,-2.382,2449
2.774,-2.622,2449
2.854,-2.862,2449
2.934,-3.102,2449
3.014,-3.342,2449
3.094,-3.582,2449
3.174,-3.822,2449
3.254,-4.062,2449
3.334,-4.302,2449
3.414,-4.542,2449
3.494,-4.782,2449
3.574,-5.022,2449
3.654,-5.262,2449
3.734,-5.502,2449
3.814,-5.742,2449
3.894,-5.982,2449
3.974,-6.222,2449
4.054,-6.462,2449
4.134,-6.702,2449
4.214,-6.942,2449
4.294,-7.182,2449
4.374,-7.422,2449
4.454,-7.662,2449
4.534,-7.902,2449
4.614,-8.142,2449
4.694,-8.382,2449
4.774,-8.622,2449
4.854,-8.862,2449
4.934,-9.102,2449
5.014,-9.342,2449
5.094,-9.582,2449
5.174,-9.822,2449
5.254,-10.062,2449
5.334,-10.302,2449
5.414,-10.542,2449
5.494,-10.782,2449
5.574,-11.022,2449
5.654,-11.262,2449
5.734,-11.502,2449
5.814,-11.742,2449
5.894,-11.982,2449
5.974,-12.222,2449
6.054,-12.462,2449
6.134,-12.702,2449
6.214,-12.942,2449
6.294,-13.182,2449
6.374,-13.422,2449
6.454,-13.662,2449
6.534,-13.902,2449
6.614,-14.142,2449
6.694,-14.382,2449
6.774,-14.622,2449
6.854,-14.862,2449
6.934,-15.102,2449
7.014,-15.342,2449
7.094,-15.582,2449
7.174,-15.822,2449
7.254,-16.062,2449
7.334,-16.302,2449
7.414,-16.542,2449
7.494,-16.782,2449
7.574,-17.022,2449
7.654,-17.262,2449
7.734,-17.502,2449
7.814,-17.742,2449
7.894,-17.982,2449
7.974,-18.222,2449
8.054,-18.462,2449
8.134,-18.702,2449
8.214,-18.942,2449
8.294,-19.182,2449
8.374,-19.422,2449
8.454,-19.662,2449
8.534,-19.902,2449
8.614,-20.142,2449
8.694,-20.382,2449
8.774,-20.622,2449
8.854,-20.862,2449
8.934,-21.102,2449
9.014,-21.342,2449
9.094,-21.582,2449
9.174,-21.822,2449
9.254,-22.062,2449
9.334,-22.302,2449
9.414,-22.542,2449
9.494,-22.782,2449
9.574,-23.022,2449
9.654,-23.262,2449
9.734,-23.502,2449
9.814,-23.742,2449
9.894,-23.982,2449
9.974,-24.222,2449
10.054,-24.462,2449
10.134,-24.702,2449
10.214,-24.942,2449
10.294,-25.182,2449
10.374,-25.422,2449
10.454,-25.662,2449
10.534,-25.902,2449
10.614,-26.142,2449
10.694,-26.382,2449
10.774,-26.622,2449
10.854,-26.862,2449
10.934,-27.102,2449
11.014,-27.342,2449
11.094,-27.582,2449
11.174,-27.822,2449
11.254,-28.062,2449
11.334,-28.302,2449
11.414,-28.542,2449
11.494,-28.782,2449
11.574,-29.022,2449
11.654,-29.262,2449
11.734,-29.502,2449
11.814,-29.742,2449
11.894,-29.982,2449
11.974,-30.222,2449
12.054,-30.462,2449
12.134,-30.702,2449
12.214,-30.942,2449
12.294,-31.182,2449
12.374,-31.422,2449
12.454,-31.662,2449
12.534,-31.902,2449
12.614,-32.142,2449
12.694,-32.382,2449
12.774,-32.622,2449
12.854,-32.862,2449
12.934,-33.102,2449
13.014,-33.342,2449
13.094,-33.582,2449
13.174,-33.822,2449
13.254,-34.062,2449
13.334,-34.302,2449
13.414,-34.542,2449
13.494,-34.782,2449
13.734,-34.12246,2539
13.974,-34.04806,2539
14.214,-33.97366,2539
14.454,-33.89926,2539
14.694,-33.82486,2539
14.934,-33.75046,2539
15.174,-33.67606,2539
15.414,-33.60166,2539
15.654,-33.52726,2539
15.894,-33.45286,2539
16.134,-33.37846,2539
16.374,-33.30406,2539
16.614,-33.22966,2539
16.854,-33.15526,2539
17.094,-33.08086,2539
17.334,-33.00646,2539
17.574,-32.93206,2539
17.814,-32.85766,2539
18.054,-32.78326,2539
18.294,-32.70886,2539
18.534,-32.63446,2539
18.774,-32.56006,2539
19.014,-32.48566,2539
19.254,-32.41126,2539
19.494,-32.33686,2539
19.734,-32.26246,2539
19.974,-32.18806,2539
20.214,-32.11366,2539
20.134,-31.742,2629
20.054,-31.502,2629
19.974,-31.262,2629
19.894,-31.022,2629
19.814,-30.782,2629
19.734,-30.542,2629
19.654,-30.302,2629
19.574,-30.062,2629
19.494,-29.822,2629
19.414,-29.582,2629
19.334,-29.342,2629
19.254,-29.102,2629
19.174,-28.862,2629
19.094,-28.622,2629
19.014,-28.382,2629
18.934,-28.142,2629
18.854,-27.902,2629
18.774,-27.662,2629
18.694,-27.422,2629
18.614,-27.182,2629
18.534,-26.942,2629
18.454,-26.702,2629
18.374,-26.462,2629
18.294,-26.222,2629
18.214,-25.982,2629
18.134,-25.742,2629
18.054,-25.502,2629
17.974,-25.262,2629
17.894,-25.022,2629
17.814,-24.782,2629
17.734,-24.542,2629
17.654,-24.302,2629
17.574,-24.062,2629
17.494,-23.822,2629
17.414,-23.582,2629
17.334,-23.342,2629
17.254,-23.102,2629
17.174,-22.862,2629
17.094,-22.622,2629
17.014,-22.382,2629
16.934,-22.142,2629
16.854,-21.902,2629
16.774,-21.662,2629
16.694,-21.422,2629
16.614,-21.182,2629
16.534,-20.942,2629
16.454,-20.702,2629
16.374,-20.462,2629
16.294,-20.222,2629
16.214,-19.982,2629
16.134,-19.742,2629
16.054,-19.502,2629
15.974,-19.262,2629
15.894,-19.022,2629
15.814,-18.782,2629
15.734,-18.542,2629
15.654,-18.302,2629
15.574,-18.062,2629
15.494,-17.822,2629
15.414,-17.582,2629
15.334,-17.342,2629
15.254,-17.102,2629
15.174,-16.862,2629
15.094,-16.622,2629
15.014,-16.382,2629
14.934,-16.142,2629
14.854,-15.902,2629
14.774,-15.662,2629
14.694,-15.422,2629
14.614,-15.182,2629
14.534,-14.942,2629
14.454,-14.702,2629
14.374,-14.462,2629
14.294,-14.222,2629
14.214,-13.982,2629
14.134,-13.742,2629
14.054,-13.502,2629
13.974,-13.262,2629
13.894,-13.022,2629
13.814,-12.782,2629
13.734,-12.542,2629
13.654,-12.302,2629
13.574,-12.062,2629
13.494,-11.822,2629
13.414,-11.582,2629
13.334,-11.342,2629
13.254,-11.102,2629
13.174,-10.862,2629
13.094,-10.622,2629
13.014,-10.382,2629
12.934,-10.142,2629
12.854,-9.902,2629
12.774,-9.662,2629
12.694,-9.422,2629
12.614,-9.182,2629
12.534,-8.942,2629
12.454,-8.702,2629
12.374,-8.462,2629
12.294,-8.222,2629
12.214,-7.982,2629
12.134,-7.742,2629
12.054,-7.502,2629
11.974,-7.262,2629
11.894,-7.022,2629
11.814,-6.782,2629
11.734,-6.542,2629
11.654,-6.302,2629
11.574,-6.062,2629
11.494,-5.822,2629
11.414,-5.582,2629
11.334,-5.342,2629
11.254,-5.102,2629
11.174,-4.862,2629
11.094,-4.622,2629
11.014,-4.382,2629
10.934,-4.142,2629
10.854,-3.902,2629
10.774,-3.662,2629
10.694,-3.422,2629
10.614,-3.182,2629
10.534,-2.942,2629
10.454,-2.702,2629
10.374,-2.462,2629
10.294,-2.222,2629
10.214,-1.982,2629
10.134,-1.742,2629
10.054,-1.502,2629
9.974,-1.262,2629
9.894,-1.022,2629
9.814,-0.782,2629
9.734,-0.542,2629
9.654,-0.302,2629
9.574,-0.062,2629
9.494,0.178,2629
9.414,0.418,2629
9.334,0.658,2629
9.254,0.898,2629
9.174,1.138,2629
9.094,1.378,2629
9.014,1.618,2629
8.934,1.858,2629
8.854,2.098,2629
8.774,2.338,2629
8.544,2.36672,2719
8.314,2.27932,2719
8.084,2.19192,2719
7.854,2.10452,2719
7.624,2.01712,2719
7.394,1.92972,2719
7.164,1.84232,2719
6.934,1.75492,2719
6.704,1.66752,2719
6.474,1.58012,2719
6.244,1.49272,2719
6.014,1.40532,2719
5.784,1.31792,2719
5.554,1.23052,2719
5.324,1.14312,2719
5.094,1.05572,2719
4.864,0.96832,2719
4.634,0.88092,2719
4.404,0.79352,2719
4.174,0.70612,2719
3.944,0.61872,2719
3.714,0.53132,2719
3.484,0.44392,2719
3.254,0.35652,2719
3.024,0.26912,2719
2.794,0.18172,2719
2.564,0.09432,2719
2.334,0.00692,2719
2.104,-0.08048,2719
1.874,-0.16788,2719
1.644,-0.25528,2719
1.414,-0.34268,2719
1.184,-0.43008,2719
0.954,-0.51748,2719
1.034,-0.642,2809
1.114,-0.882,2809
1.194,-1.122,2809
1.274,-1.362,2809
1.354,-1.602,2809
1.434,-1.842,2809
1.514,-2.082,2809
1.594,-2.322,2809
1.674,-2.562,2809
1.754,-2.802,2809
1.834,-3.042,2809
1.914,-3.282,2809
1.994,-3.522,2809
2.074,-3.762,2809
2.154,-4.002,2809
2.234,-4.242,2809
2.314,-4.482,2809
2.394,-4.722,2809
2.474,-4.962,2809
2.554,-5.202,2809
2.634,-5.442,2809
2.714,-5.682,2809
2.794,-5.922,2809
2.874,-6.162,2809
2.954,-6.402,2809
3.034,-6.642,2809
3.114,-6.882,2809
3.194,-7.122,2809
3.274,-7.362,2809
3.354,-7.602,2809
3.434,-7.842,2809
3.514,-8.082,2809
3.594,-8.322,2809
3.674,-8.562,2809
3.754,-8.802,2809
3.834,-9.042,2809
3.914,-9.282,2809
3.994,-9.522,2809
4.074,-9.762,2809
4.154,-10.002,2809
4.234,-10.242,2809
4.314,-10.482,2809
4.394,-10.722,2809
4.474,-10.962,2809
4.554,-11.202,2809
4.634,-11.442,2809
4.714,-11.682,2809
4.794,-11.922,2809
4.874,-12.162,2809
4.954,-12.402,2809
5.034,-12.642,2809
5.114,-12.882,2809
5.194,-13.122,2809
5.274,-13.362,2809
5.354,-13.602,2809
5.434,-13.842,2809
5.514,-14.082,2809
5.594,-14.322,2809
5.674,-14.562,2809
5.754,-14.802,2809
5.834,-15.042,2809
5.914,-15.282,2809
5.994,-15.522,2809
6.074,-15.762,2809
6.154,-16.002,2809
6.234,-16.242,2809
6.314,-16.482,2809
6.394,-16.722,2809
6.474,-16.962,2809
6.554,-17.202,2809
6.634,-17.442,2809
6.714,-17.682,2809
6.794,-17.922,2809
6.874,-18.162,2809
6.954,-18.402,2809
7.034,-18.642,2809
7.114,-18.882,2809
7.194,-19.122,2809
7.274,-19.362,2809
7.354,-19.602,2809
7.434,-19.842,2809
7.514,-20.082,2809
7.594,-20.322,2809
7.674,-20.562,2809
7.754,-20.802,2809
7.834,-21.042,2809
7.914,-21.282,2809
7.994,-21.522,2809
8.074,-21.762,2809
8.154,-22.002,2809
8.234,-22.242,2809
8.314,-22.482,2809
8.394,-22.722,2809
8.474,-22.962,2809
8.554,-23.202,2809
8.634,-23.442,2809
8.714,-23.682,2809
8.794,-23.922,2809
8.874,-24.162,2809
8.954,-24.402,2809
9.034,-24.642,2809
9.114,-24.882,2809
9.194,-25.122,2809
9.274,-25.362,2809
9.354,-25.602,2809
9.434,-25.842,2809
9.514,-26.082,2809
9.594,-26.322,2809
9.674,-26.562,2809
9.754,-26.802,2809
9.834,-27.042,2809
9.914,-27.282,2809
9.994,-27.522,2809
10.074,-27.762,2809
10.154,-28.002,2809
10.234,-28.242,2809
10.314,-28.482,2809
10.394,-28.722,2809
10.474,-28.962,2809
10.554,-29.202,2809
10.634,-29.442,2809
10.714,-29.682,2809
10.794,-29.922,2809
10.874,-30.162,2809
10.954,-30.402,2809
11.034,-30.642,2809
11.114,-30.882,2809
11.194,-31.122,2809
11.274,-31.362,2809
11.354,-31.602,2809
11.434,-31.842,2809
11.514,-32.082,2809
11.594,-32.322,2809
11.674,-32.562,2809
11.754,-32.802,2809
11.834,-33.042,2809
11.914,-33.282,2809
11.994,-33.522,2809
12.074,-33.762,2809
12.154,-34.002,2809
12.234,-34.242,2809
12.314,-34.482,2809
12.394,-34.722,2809
12.474,-34.962,2809
