Time,x_d,y_d,theta_d,delta_,v_,ddelta_dt
0,0,0,-0,-0.1877619,0.5329659,0
0.0500417,0.0262013,-6.87e-05,-0.0052406,-0.1877922,0.5329471,-0.0006043
0.1000834,0.0523997,-0.0002746,-0.0104824,-0.1878828,0.5328904,-0.0018135
0.1501251,0.0785924,-0.0006179,-0.0157269,-0.188034,0.532796,-0.0030239
0.2001668,0.1047764,-0.0010984,-0.0209752,-0.1882459,0.5326639,-0.0042365
0.2502085,0.1309489,-0.0017162,-0.0262288,-0.1885185,0.5324941,-0.0054522
0.3002502,0.157107,-0.0024713,-0.0314888,-0.1888521,0.5322869,-0.0066719
0.3502919,0.1832479,-0.0033636,-0.0367566,-0.1892469,0.5320422,-0.0078964
0.4003336,0.2093687,-0.0043932,-0.0420335,-0.1897032,0.5317603,-0.0091267
0.4503753,0.2354664,-0.0055599,-0.0473209,-0.1902214,0.5314413,-0.0103636
0.500417,0.2615383,-0.0068638,-0.05262,-0.1908018,0.5310853,-0.0116079
0.5504587,0.2875815,-0.0083047,-0.0579321,-0.1914448,0.5306926,-0.0128607
0.6005004,0.313593,-0.0098828,-0.0632586,-0.192151,0.5302634,-0.0141228
0.6505421,0.3395702,-0.0115979,-0.0686009,-0.1929207,0.5297979,-0.015395
0.7005838,0.36551,-0.01345,-0.0739602,-0.1937546,0.5292964,-0.0166784
0.7506255,0.3914096,-0.015439,-0.079338,-0.1946533,0.5287593,-0.0179737
0.8006672,0.4172663,-0.0175649,-0.0847355,-0.1956174,0.5281867,-0.0192819
0.8507089,0.4430772,-0.0198277,-0.0901543,-0.1966476,0.5275791,-0.020604
0.9007506,0.4688393,-0.0222272,-0.0955956,-0.1977447,0.5269368,-0.0219407
0.9507923,0.49455,-0.0247634,-0.1010608,-0.1989093,0.5262602,-0.0232931
1.000834,0.5202064,-0.0274362,-0.1065514,-0.2001424,0.5255498,-0.024662
1.0508757,0.5458056,-0.0302456,-0.1120688,-0.2014448,0.5248058,-0.0260483
1.1009174,0.5713448,-0.0331914,-0.1176143,-0.2028175,0.5240289,-0.027453
1.1509591,0.5968213,-0.0362736,-0.1231896,-0.2042613,0.5232194,-0.028877
1.2010008,0.6222323,-0.0394922,-0.1287959,-0.2057774,0.522378,-0.0303212
1.2510425,0.6475749,-0.042847,-0.1344349,-0.2073667,0.5215051,-0.0317865
1.3010842,0.6728463,-0.0463379,-0.1401079,-0.2090304,0.5206013,-0.0332738
1.3511259,0.6980439,-0.0499648,-0.1458165,-0.2107696,0.5196671,-0.0347841
1.4011676,0.7231648,-0.0537277,-0.1515623,-0.2125855,0.5187033,-0.0363181
1.4512093,0.7482062,-0.0576264,-0.1573467,-0.2144794,0.5177105,-0.0378769
1.501251,0.7731654,-0.0616608,-0.1631713,-0.2164524,0.5166893,-0.0394612
1.5512927,0.7980398,-0.0658308,-0.1690377,-0.218506,0.5156405,-0.041072
1.6013344,0.8228264,-0.0701364,-0.1749475,-0.2206415,0.5145647,-0.0427101
1.6513761,0.8475227,-0.0745773,-0.1809024,-0.2228604,0.5134628,-0.0443764
1.7014178,0.8721259,-0.0791535,-0.1869039,-0.2251639,0.5123356,-0.0460716
1.7514595,0.8966333,-0.0838648,-0.1929537,-0.2275538,0.5111839,-0.0477966
1.8015013,0.9210422,-0.0887111,-0.1990536,-0.2300314,0.5100085,-0.0495522
1.851543,0.9453499,-0.0936923,-0.2052052,-0.2325983,0.5088104,-0.051339
1.9015847,0.9695538,-0.0988082,-0.2114102,-0.2352562,0.5075905,-0.0531578
1.9516264,0.9936512,-0.1040587,-0.2176704,-0.2380067,0.5063498,-0.0550092
2.0016681,1.0176394,-0.1094437,-0.2239876,-0.2408514,0.5050893,-0.0568939
2.0517098,1.0415159,-0.1149629,-0.2303635,-0.243792,0.5038101,-0.0588124
2.1017515,1.0652779,-0.1206163,-0.2368001,-0.2468303,0.5025131,-0.0607653
2.1517932,1.088923,-0.1264037,-0.2432991,-0.2499679,0.5011996,-0.062753
2.2018349,1.1124484,-0.132325,-0.2498625,-0.2532067,0.4998707,-0.0647758
2.2518766,1.1358516,-0.1383799,-0.2564921,-0.2565484,0.4985276,-0.0668341
2.3019183,1.1591301,-0.1445683,-0.2631898,-0.2599948,0.4971716,-0.0689281
2.35196,1.1822812,-0.15089,-0.2699577,-0.2635477,0.4958039,-0.0710579
2.4020017,1.2053025,-0.1573449,-0.2767977,-0.2672089,0.4944259,-0.0732235
2.4520434,1.2281914,-0.1639328,-0.2837118,-0.2709801,0.4930389,-0.0754249
2.5020851,1.2509454,-0.1706535,-0.290702,-0.2748632,0.4916443,-0.0776618
2.5521268,1.2735619,-0.1775069,-0.2977705,-0.2788599,0.4902436,-0.0799338
2.6021685,1.2960386,-0.1844926,-0.3049192,-0.2829719,0.4888383,-0.0822405
2.6522102,1.3183729,-0.1916106,-0.3121504,-0.287201,0.48743,-0.0845812
2.7022519,1.3405624,-0.1988607,-0.3194662,-0.2915487,0.4860201,-0.086955
2.7522936,1.3626046,-0.2062425,-0.3268686,-0.2960168,0.4846104,-0.089361
2.8023353,1.3844972,-0.2137561,-0.33436,-0.3006067,0.4832025,-0.0917979
2.852377,1.4062376,-0.221401,-0.3419426,-0.3053199,0.4817982,-0.0942643
2.9024187,1.4278237,-0.2291772,-0.3496185,-0.3101578,0.4803991,-0.0967585
2.9524604,1.4492528,-0.2370844,-0.3573901,-0.3151218,0.4790071,-0.0992787
3.0025021,1.4705228,-0.2451224,-0.3652597,-0.3202129,0.4776241,-0.1018226
3.0525438,1.4916313,-0.253291,-0.3732295,-0.3254323,0.4762519,-0.1043878
3.1025855,1.5125759,-0.2615899,-0.3813019,-0.3307809,0.4748924,-0.1069715
3.1526272,1.5333543,-0.270019,-0.3894792,-0.3362594,0.4735475,-0.1095708
3.2026689,1.5539644,-0.2785779,-0.3977638,-0.3418685,0.4722194,-0.1121823
3.2527106,1.5744037,-0.2872665,-0.4061582,-0.3476086,0.47091,-0.1148022
3.3027523,1.5946701,-0.2960845,-0.4146646,-0.3534799,0.4696213,-0.1174265
3.352794,1.6147613,-0.3050317,-0.4232855,-0.3594825,0.4683554,-0.1200509
3.4028357,1.6346752,-0.3141078,-0.4320233,-0.365616,0.4671145,-0.1226704
3.4528774,1.6544095,-0.3233126,-0.4408804,-0.37188,0.4659006,-0.1252799
3.5029191,1.6739621,-0.3326458,-0.4498593,-0.3782737,0.4647159,-0.1278738
3.5529608,1.6933307,-0.3421072,-0.4589623,-0.384796,0.4635625,-0.1304462
3.6030025,1.7125134,-0.3516965,-0.468192,-0.3914455,0.4624426,-0.1329907
3.6530442,1.731508,-0.3614135,-0.4775506,-0.3982206,0.4613582,-0.1355003
3.7030859,1.7503124,-0.3712578,-0.4870406,-0.405119,0.4603116,-0.137968
3.7531276,1.7689245,-0.3812293,-0.4966643,-0.4121383,0.4593047,-0.140386
3.8031693,1.7873424,-0.3913276,-0.5064242,-0.4192756,0.4583398,-0.1427464
3.853211,1.8055638,-0.4015524,-0.5163225,-0.4265276,0.4574188,-0.1450407
3.9032527,1.823587,-0.4119035,-0.5263615,-0.4338906,0.4565437,-0.1472602
3.9532944,1.8414099,-0.4223806,-0.5365435,-0.4413604,0.4557165,-0.1493956
4.0033361,1.8590304,-0.4329835,-0.5468707,-0.4489323,0.454939,-0.1514375
4.0533778,1.8764468,-0.4437117,-0.5573453,-0.4566011,0.4542131,-0.1533762
4.1034195,1.8936571,-0.4545651,-0.5679693,-0.4643612,0.4535403,-0.1552016
4.1534612,1.9106593,-0.4655433,-0.5787447,-0.4722063,0.4529224,-0.1569035
4.2035029,1.9274517,-0.476646,-0.5896735,-0.4801299,0.4523608,-0.1584714
4.2535446,1.9440324,-0.4878729,-0.6007576,-0.4881246,0.4518568,-0.1598947
4.3035863,1.9603995,-0.4992237,-0.6119988,-0.4961828,0.4514116,-0.1611629
4.353628,1.9765513,-0.5106982,-0.6233986,-0.504296,0.4510264,-0.1622652
4.4036697,1.9924859,-0.5222959,-0.6349586,-0.5124556,0.4507019,-0.1631911
4.4537114,2.0082017,-0.5340166,-0.6466803,-0.5206521,0.4504388,-0.1639302
4.5037531,2.0236969,-0.5458599,-0.6585649,-0.5288757,0.4502377,-0.1644721
4.5537948,2.0389699,-0.5578255,-0.6706135,-0.5371161,0.4500987,-0.1648068
4.6038365,2.0540188,-0.5699131,-0.6828273,-0.5453623,0.450022,-0.1649247
4.6538782,2.0688421,-0.5821224,-0.6952068,-0.5536031,0.4500073,-0.1648165
4.7039199,2.0834382,-0.594453,-0.7077528,-0.5618268,0.4500542,-0.1644734
4.7539616,2.0978054,-0.6069046,-0.7204657,-0.5700211,0.4501619,-0.1638871
4.8040033,2.1119422,-0.6194768,-0.7333457,-0.5781737,0.4503295,-0.1630501
4.854045,2.125847,-0.6321693,-0.7463929,-0.5862714,0.4505556,-0.1619555
4.9040867,2.1395183,-0.6449818,-0.7596069,-0.5943013,0.4508387,-0.1605972
4.9541284,2.1529546,-0.6579138,-0.7729873,-0.6022498,0.451177,-0.1589698
5.0041701,2.1661544,-0.6709651,-0.7865333,-0.6101032,0.4515683,-0.1570689
5.0542118,2.1791163,-0.6841353,-0.800244,-0.6178478,0.4520102,-0.1548909
5.1042535,2.1918388,-0.697424,-0.8141181,-0.6254694,0.4524998,-0.1524333
5.1542952,2.2043205,-0.7108309,-0.8281539,-0.6329542,0.4530342,-0.1496945
5.2043369,2.2165601,-0.7243555,-0.8423497,-0.6402878,0.4536101,-0.1466737
5.2543786,2.2285562,-0.7379975,-0.8567031,-0.6474564,0.4542239,-0.1433715
5.3044204,2.2403075,-0.7517566,-0.8712117,-0.6544459,0.4548718,-0.1397892
5.3544621,2.2518128,-0.7656324,-0.8858726,-0.6612423,0.4555496,-0.1359293
5.4045038,2.2630707,-0.7796244,-0.9006827,-0.6678321,0.4562532,-0.1317951
5.4545455,2.27408,-0.7937323,-0.9156384,-0.6742016,0.4569781,-0.1273909
5.5045872,2.2848395,-0.8079558,-0.9307358,-0.6803378,0.4577195,-0.1227222
5.5546289,2.295348,-0.8222943,-0.9459708,-0.6862275,0.4584729,-0.1177951
5.6046706,2.3056044,-0.8367476,-0.9613386,-0.6918583,0.4592331,-0.1126166
5.6547123,2.3156076,-0.8513152,-0.9768344,-0.6972181,0.4599955,-0.1071948
5.704754,2.3253564,-0.8659968,-0.992453,-0.702295,0.4607548,-0.1015382
5.7547957,2.3348498,-0.8807918,-1.0081886,-0.7070778,0.4615063,-0.0956562
5.8048374,2.3440866,-0.8957,-1.0240353,-0.7115558,0.462245,-0.089559
5.8548791,2.3530661,-0.9107209,-1.0399868,-0.7157186,0.462966,-0.0832571
5.9049208,2.361787,-0.9258541,-1.0560365,-0.7195567,0.4636647,-0.0767619
5.9549625,2.3702485,-0.9410992,-1.0721774,-0.723061,0.4643365,-0.0700852
6.0050042,2.3784497,-0.9564557,-1.0884024,-0.7262229,0.4649773,-0.0632391
6.0550459,2.3863896,-0.9719233,-1.1047039,-0.7290347,0.4655829,-0.0562364
6.1050876,2.3940673,-0.9875014,-1.1210742,-0.7314893,0.4661497,-0.0490902
6.1551293,2.4014821,-1.0031898,-1.1375052,-0.7335799,0.4666742,-0.0418139
6.205171,2.4086331,-1.018988,-1.1539887,-0.735301,0.4671535,-0.0344212
6.2552127,2.4155195,-1.0348954,-1.1705163,-0.7366473,0.4675849,-0.0269261
6.3052544,2.4221406,-1.0509118,-1.1870794,-0.7376145,0.4679665,-0.019343
6.3552961,2.4284957,-1.0670365,-1.2036693,-0.7381988,0.4682963,-0.0116863
6.4053378,2.4345839,-1.0832693,-1.2202771,-0.7383973,0.4685733,-0.0039708
6.4553795,2.4404048,-1.0996097,-1.2368938,-0.7382079,0.4687968,0.0037885
6.5054212,2.4459576,-1.1160572,-1.2535105,-0.7376291,0.4689666,0.0115766
6.5554629,2.4512417,-1.1326113,-1.2701182,-0.7366602,0.4690831,0.0193782
6.6055046,2.4562566,-1.1492716,-1.2867077,-0.7353013,0.4691471,0.0271779
6.6555463,2.4610016,-1.1660377,-1.30327,-0.7335533,0.46916,0.0349602
6.705588,2.4654763,-1.182909,-1.3197964,-0.7314178,0.4691238,0.0427094
6.7556297,2.4696803,-1.1998852,-1.3362777,-0.7288973,0.4690408,0.0504098
6.8056714,2.4736129,-1.2169657,-1.3527055,-0.725995,0.4689139,0.0580458
6.8557131,2.4772738,-1.2341502,-1.3690709,-0.7227149,0.4687464,0.0656014
6.9057548,2.4806626,-1.251438,-1.3853657,-0.7190619,0.4685422,0.0730611
6.9557965,2.4837789,-1.2688288,-1.4015815,-0.7150414,0.4683053,0.0804089
7.0058382,2.4866224,-1.286322,-1.4177104,-0.71066,0.4680402,0.0876295
7.0558799,2.4891928,-1.3039172,-1.4337446,-0.7059246,0.4677518,0.0947072
7.1059216,2.4914897,-1.321614,-1.4496765,-0.7008433,0.4674452,0.1016269
7.1559633,2.4935129,-1.3394117,-1.465499,-0.6954246,0.4671256,0.1083737
7.206005,2.4952623,-1.3573099,-1.481205,-0.6896779,0.4667986,0.1149329
7.2560467,2.4967375,-1.3753082,-1.496788,-0.6836134,0.4664699,0.1212904
7.3060884,2.4979385,-1.3934061,-1.5122416,-0.6772418,0.4661451,0.1274324
7.3561301,2.4988652,-1.4116029,-1.5275599,-0.6705745,0.4658301,0.133346
7.4061718,2.4995173,-1.4298983,-1.5427372,-0.6636235,0.4655306,0.1390187
7.4562135,2.4998949,-1.4482918,-1.5577682,-0.6564016,0.4652525,0.1444387
7.5062552,2.4999979,-1.4667828,-1.5726479,-0.6489218,0.4650015,0.1495954
7.5562969,2.4998262,-1.4853708,-1.5873717,-0.6411979,0.464783,0.1544787
7.6063386,2.49938,-1.5040553,-1.6019354,-0.6332439,0.4646025,0.1590797
7.6563803,2.4986592,-1.5228359,-1.6163351,-0.6250744,0.4644652,0.1633906
7.706422,2.497664,-1.5417119,-1.6305671,-0.6167042,0.4643761,0.1674047
7.7564637,2.4963944,-1.5606829,-1.6446283,-0.6081483,0.46434,0.1711164
7.8065054,2.4948506,-1.5797483,-1.6585158,-0.5994223,0.4643613,0.1745213
7.8565471,2.4930328,-1.5989077,-1.672227,-0.5905414,0.4644443,0.1776165
7.9065888,2.4909411,-1.6181604,-1.6857597,-0.5815214,0.4645928,0.1804001
7.9566305,2.4885758,-1.637506,-1.6991119,-0.5723779,0.4648103,0.1828718
8.0066722,2.4859371,-1.656944,-1.7122819,-0.5631262,0.4651002,0.1850324
8.0567139,2.4830254,-1.6764738,-1.7252686,-0.553782,0.4654653,0.1868839
8.1067556,2.4798409,-1.6960948,-1.7380707,-0.5443605,0.4659082,0.1884298
8.1567973,2.4763841,-1.7158066,-1.7506875,-0.5348768,0.466431,0.1896747
8.206839,2.4726552,-1.7356085,-1.7631184,-0.5253456,0.4670356,0.1906244
8.2568807,2.4686547,-1.7555001,-1.7753631,-0.5157813,0.4677236,0.1912856
8.3069224,2.464383,-1.7754808,-1.7874216,-0.506198,0.468496,0.1916663
8.3569641,2.4598407,-1.7955501,-1.799294,-0.4966092,0.4693539,0.1917753
8.4070058,2.4550281,-1.8157073,-1.8109806,-0.4870281,0.4702978,0.1916222
8.4570475,2.4499459,-1.835952,-1.8224819,-0.4774673,0.4713278,0.1912175
8.5070892,2.4445946,-1.8562836,-1.8337988,-0.4679386,0.4724441,0.1905722
8.5571309,2.4389747,-1.8767015,-1.844932,-0.4584537,0.4736463,0.189698
8.6071726,2.4330869,-1.8972052,-1.8558826,-0.4490234,0.4749339,0.1886069
8.6572143,2.4269319,-1.9177941,-1.8666518,-0.4396578,0.4763061,0.1873115
8.707256,2.4205103,-1.9384676,-1.8772409,-0.4303666,0.4777619,0.1858243
8.7572977,2.4138228,-1.9592252,-1.8876513,-0.4211587,0.4793001,0.1841583
8.8073394,2.4068701,-1.9800663,-1.8978846,-0.4120424,0.4809194,0.1823262
8.8573812,2.3996531,-2.0009904,-1.9079424,-0.4030253,0.482618,0.1803411
8.9074229,2.3921725,-2.0219968,-1.9178264,-0.3941146,0.4843944,0.1782156
8.9574646,2.3844291,-2.0430849,-1.9275386,-0.3853164,0.4862468,0.1759624
9.0075063,2.3764238,-2.0642543,-1.9370807,-0.3766367,0.488173,0.1735938
9.057548,2.3681575,-2.0855043,-1.9464548,-0.3680806,0.4901711,0.1711219
9.1075897,2.359631,-2.1068343,-1.9556628,-0.3596527,0.4922389,0.1685583
9.1576314,2.3508454,-2.1282438,-1.9647068,-0.351357,0.4943741,0.1659143
9.2076731,2.3418015,-2.1497321,-1.9735889,-0.343197,0.4965744,0.1632008
9.2577148,2.3325004,-2.1712987,-1.9823113,-0.3351756,0.4988375,0.1604281
9.3077565,2.3229431,-2.192943,-1.9908762,-0.3272953,0.501161,0.1576061
9.3577982,2.3131306,-2.2146644,-1.9992857,-0.3195581,0.5035423,0.1547443
9.4078399,2.303064,-2.2364623,-2.007542,-0.3119655,0.5059791,0.1518513
9.4578816,2.2927445,-2.258336,-2.0156474,-0.3045187,0.5084688,0.1489356
9.5079233,2.2821731,-2.2802851,-2.0236042,-0.2972185,0.511009,0.146005
9.557965,2.271351,-2.3023088,-2.0314145,-0.2900651,0.5135972,0.1430667
9.6080067,2.2602795,-2.3244066,-2.0390806,-0.2830587,0.516231,0.1401274
9.6580484,2.2489596,-2.3465779,-2.0466047,-0.2761991,0.5189078,0.1371934
9.7080901,2.2373927,-2.3688221,-2.0539892,-0.2694856,0.5216253,0.1342704
9.7581318,2.2255801,-2.3911385,-2.0612361,-0.2629174,0.524381,0.1313637
9.8081735,2.213523,-2.4135265,-2.0683478,-0.2564935,0.5271725,0.1284781
9.8582152,2.2012227,-2.4359856,-2.0753263,-0.2502126,0.5299975,0.1256179
9.9082569,2.1886807,-2.4585151,-2.082174,-0.2440732,0.5328536,0.122787
9.9582986,2.1758982,-2.4811144,-2.0888928,-0.2380738,0.5357387,0.119989
10.0083403,2.1628767,-2.5037829,-2.0954851,-0.2322124,0.5386504,0.117227
10.058382,2.1496177,-2.5265199,-2.1019529,-0.2264872,0.5415865,0.1145037
10.1084237,2.1361225,-2.5493248,-2.1082982,-0.2208961,0.544545,0.1118217
10.1584654,2.1223927,-2.572197,-2.1145232,-0.215437,0.5475236,0.1091829
10.2085071,2.1084297,-2.5951359,-2.1206298,-0.2101075,0.5505204,0.1065893
10.2585488,2.0942352,-2.6181409,-2.1266202,-0.2049054,0.5535332,0.1040424
10.3085905,2.0798106,-2.6412112,-2.1324962,-0.1998282,0.5565602,0.1015434
10.3586322,2.0651576,-2.6643463,-2.1382598,-0.1948736,0.5595994,0.0990934
10.4086739,2.0502777,-2.6875456,-2.1439129,-0.1900389,0.562649,0.0966933
10.4587156,2.0351726,-2.7108084,-2.1494574,-0.1853217,0.565707,0.0943436
10.5087573,2.0198439,-2.734134,-2.1548951,-0.1807195,0.5687717,0.0920449
10.558799,2.0042934,-2.7575219,-2.1602279,-0.1762296,0.5718414,0.0897973
10.6088407,1.9885227,-2.7809713,-2.1654576,-0.1718496,0.5749144,0.087601
10.6588824,1.9725336,-2.8044817,-2.1705859,-0.1675768,0.577989,0.0854561
10.7089241,1.9563278,-2.8280523,-2.1756145,-0.1634087,0.5810636,0.0833623
10.7589658,1.9399071,-2.8516826,-2.1805452,-0.1593427,0.5841366,0.0813195
10.8090075,1.9232734,-2.8753719,-2.1853795,-0.1553763,0.5872065,0.0793272
10.8590492,1.9064284,-2.8991196,-2.1901191,-0.1515071,0.5902719,0.0773851
10.9090909,1.8893739,-2.9229249,-2.1947656,-0.1477324,0.5933312,0.0754926
10.9591326,1.872112,-2.9467873,-2.1993205,-0.14405,0.5963831,0.0736491
11.0091743,1.8546444,-2.9707061,-2.2037854,-0.1404573,0.5994262,0.0718541
11.059216,1.836973,-2.9946806,-2.2081618,-0.1369519,0.6024592,0.0701068
11.1092577,1.8190999,-3.0187101,-2.212451,-0.1335316,0.6054808,0.0684064
11.1592994,1.801027,-3.0427941,-2.2166547,-0.130194,0.6084897,0.0667522
11.2093411,1.7827562,-3.0669318,-2.220774,-0.1269368,0.6114847,0.0651435
11.2593828,1.7642896,-3.0911226,-2.2248105,-0.1237579,0.6144646,0.0635792
11.3094245,1.7456293,-3.1153658,-2.2287654,-0.1206549,0.6174283,0.0620587
11.3594662,1.7267771,-3.1396608,-2.2326401,-0.1176259,0.6203745,0.060581
11.4095079,1.7077353,-3.1640069,-2.2364358,-0.1146686,0.6233024,0.0591452
11.4595496,1.6885059,-3.1884034,-2.2401538,-0.1117811,0.6262106,0.0577504
11.5095913,1.6690911,-3.2128496,-2.2437953,-0.1089613,0.6290983,0.0563958
11.559633,1.6494929,-3.2373449,-2.2473614,-0.1062073,0.6319645,0.0550804
11.6096747,1.6297135,-3.2618886,-2.2508534,-0.1035171,0.634808,0.0538034
11.6597164,1.6097551,-3.2864801,-2.2542724,-0.1008889,0.637628,0.0525638
11.7097581,1.5896198,-3.3111186,-2.2576195,-0.0983209,0.6404236,0.0513608
11.7597998,1.56931,-3.3358034,-2.2608957,-0.0958112,0.6431938,0.0501935
11.8098415,1.5488278,-3.360534,-2.2641022,-0.0933582,0.6459378,0.0490609
11.8598832,1.5281754,-3.3853096,-2.2672399,-0.0909601,0.6486547,0.0479624
11.9099249,1.5073552,-3.4101296,-2.2703098,-0.0886152,0.6513437,0.0468969
11.9599666,1.4863694,-3.4349932,-2.273313,-0.086322,0.6540039,0.0458637
12.0100083,1.4652204,-3.4598997,-2.2762503,-0.0840789,0.6566346,0.0448619
12.06005,1.4439104,-3.4848486,-2.2791228,-0.0818844,0.6592351,0.0438908
12.1100917,1.4224418,-3.5098391,-2.2819312,-0.0797369,0.6618045,0.0429495
12.1601334,1.4008169,-3.5348705,-2.2846766,-0.0776351,0.6643421,0.0420373
12.2101751,1.3790382,-3.5599421,-2.2873597,-0.0755774,0.6668472,0.0411534
12.2602168,1.357108,-3.5850533,-2.2899813,-0.0735625,0.6693192,0.0402971
12.3102585,1.3350287,-3.6102034,-2.2925424,-0.0715892,0.6717574,0.0394677
12.3603003,1.3128028,-3.6353916,-2.2950437,-0.0696559,0.674161,0.0386644
12.410342,1.2904327,-3.6606172,-2.2974859,-0.0677616,0.6765296,0.0378866
12.4603837,1.2679208,-3.6858797,-2.2998698,-0.0659049,0.6788624,0.0371337
12.5104254,1.2452696,-3.7111782,-2.3021961,-0.0640847,0.6811589,0.0364048
12.5604671,1.2224817,-3.7365122,-2.3044656,-0.0622997,0.6834185,0.0356996
12.6105088,1.1995595,-3.7618808,-2.306679,-0.0605488,0.6856406,0.0350172
12.6605505,1.1765055,-3.7872835,-2.3088368,-0.058831,0.6878247,0.0343572
12.7105922,1.1533223,-3.8127194,-2.3109398,-0.057145,0.6899702,0.0337189
12.7606339,1.1300124,-3.8381879,-2.3129886,-0.0554899,0.6920766,0.0331018
12.8106756,1.1065784,-3.8636884,-2.3149837,-0.0538647,0.6941434,0.0325054
12.8607173,1.0830228,-3.88922,-2.3169259,-0.0522682,0.6961702,0.031929
12.910759,1.0593483,-3.9147822,-2.3188157,-0.0506996,0.6981563,0.0313723
12.9608007,1.0355574,-3.9403742,-2.3206535,-0.0491579,0.7001015,0.0308348
13.0108424,1.0116527,-3.9659952,-2.3224401,-0.0476421,0.7020051,0.0303158
13.0608841,0.987637,-3.9916447,-2.3241758,-0.0461513,0.7038669,0.0298151
13.1109258,0.9635127,-4.0173218,-2.3258613,-0.0446847,0.7056863,0.0293321
13.1609675,0.9392826,-4.0430259,-2.327497,-0.0432414,0.707463,0.0288664
13.2110092,0.9149493,-4.0687563,-2.3290833,-0.0418205,0.7091965,0.0284177
13.2610509,0.8905156,-4.0945123,-2.3306208,-0.0404212,0.7108865,0.0279854
13.3110926,0.865984,-4.1202932,-2.3321099,-0.0390428,0.7125326,0.0275693
13.3611343,0.8413573,-4.1460982,-2.333551,-0.0376843,0.7141345,0.027169
13.411176,0.8166381,-4.1719266,-2.3349445,-0.0363451,0.7156917,0.026784
13.4612177,0.7918293,-4.1977778,-2.3362909,-0.0350244,0.717204,0.0264141
13.5112594,0.7669335,-4.223651,-2.3375905,-0.0337215,0.7186711,0.026059
13.5613011,0.7419534,-4.2495456,-2.3388437,-0.0324356,0.7200926,0.0257182
13.6113428,0.7168919,-4.2754607,-2.3400508,-0.031166,0.7214682,0.0253916
13.6613845,0.6917516,-4.3013958,-2.3412122,-0.029912,0.7227976,0.0250789
13.7114262,0.6665353,-4.32735,-2.3423283,-0.0286731,0.7240806,0.0247797
13.7614679,0.6412458,-4.3533227,-2.3433993,-0.0274484,0.7253169,0.0244938
13.8115096,0.6158858,-4.3793132,-2.3444255,-0.0262373,0.7265062,0.0242209
13.8615513,0.5904582,-4.4053207,-2.3454073,-0.0250393,0.7276483,0.0239609
13.911593,0.5649658,-4.4313445,-2.3463449,-0.0238536,0.7287429,0.0237134
13.9616347,0.5394113,-4.457384,-2.3472386,-0.0226797,0.7297899,0.0234783
14.0116764,0.5137975,-4.4834383,-2.3480885,-0.0215169,0.730789,0.0232553
14.0617181,0.4881273,-4.5095069,-2.3488951,-0.0203647,0.73174,0.0230443
14.1117598,0.4624035,-4.5355889,-2.3496584,-0.0192224,0.7326428,0.0228451
14.1618015,0.4366289,-4.5616836,-2.3503787,-0.0180896,0.7334971,0.0226575
14.2118432,0.4108063,-4.5877904,-2.3510563,-0.0169655,0.7343027,0.0224813
14.2618849,0.3849387,-4.6139086,-2.3516912,-0.0158497,0.7350596,0.0223164
14.3119266,0.3590287,-4.6400373,-2.3522837,-0.0147416,0.7357675,0.0221627
14.3619683,0.3330793,-4.6661759,-2.3528339,-0.0136406,0.7364263,0.0220199
14.41201,0.3070933,-4.6923237,-2.3533419,-0.0125462,0.737036,0.021888
14.4620517,0.2810735,-4.7184799,-2.3538081,-0.0114578,0.7375963,0.0217669
14.5120934,0.2550229,-4.7446438,-2.3542323,-0.010375,0.7381071,0.0216565
14.5621351,0.2289443,-4.7708148,-2.3546148,-0.0092972,0.7385684,0.0215566
14.6121768,0.2028405,-4.7969921,-2.3549557,-0.0082238,0.7389801,0.0214672
14.6622185,0.1767145,-4.8231749,-2.3552551,-0.0071544,0.739342,0.0213883
14.7122602,0.150569,-4.8493626,-2.355513,-0.0060884,0.7396542,0.0213196
14.7623019,0.124407,-4.8755544,-2.3557296,-0.0050253,0.7399165,0.0212612
14.8123436,0.0982314,-4.9017497,-2.3559048,-0.0039647,0.7401289,0.0212131
14.8623853,0.0720449,-4.9279476,-2.3560387,-0.0029059,0.7402914,0.0211751
14.912427,0.0458505,-4.9541475,-2.3561314,-0.0018486,0.7404039,0.0211473
14.9624687,0.0196511,-4.9803487,-2.3561829,-0.0007921,0.7404664,0.0211296
15.0125104,-0.0065504,-5.0065504,-2.3561932,0.000264,0.7404789,0.021122
15.0625521,-0.0327513,-5.032752,-2.3561623,0.0013202,0.7404414,0.0211246
15.1125938,-0.0589485,-5.0589526,-2.3560902,0.0023771,0.7403539,0.0211372
15.1626355,-0.0851393,-5.0851516,-2.3559769,0.0034351,0.7402164,0.0211599
15.2126772,-0.1113207,-5.1113483,-2.3558223,0.0044947,0.740029,0.0211928
15.2627189,-0.1374899,-5.137542,-2.3556265,0.0055565,0.7397916,0.0212359
15.3127606,-0.163644,-5.1637318,-2.3553892,0.006621,0.7395043,0.0212891
15.3628023,-0.1897801,-5.1899172,-2.3551106,0.0076886,0.7391673,0.0213526
15.412844,-0.2158954,-5.2160973,-2.3547905,0.0087599,0.7387805,0.0214265
15.4628857,-0.2419869,-5.2422715,-2.3544288,0.0098355,0.738344,0.0215106
15.5129274,-0.2680519,-5.2684391,-2.3540254,0.0109157,0.7378579,0.0216053
15.5629691,-0.2940874,-5.2945992,-2.3535802,0.0120013,0.7373223,0.0217104
15.6130108,-0.3200907,-5.3207513,-2.3530932,0.0130926,0.7367373,0.0218261
15.6630525,-0.3460587,-5.3468946,-2.352564,0.0141902,0.7361031,0.0219526
15.7130942,-0.3719888,-5.3730284,-2.3519927,0.0152947,0.7354197,0.0220899
15.7631359,-0.397878,-5.3991519,-2.351379,0.0164066,0.7346872,0.0222381
15.8131776,-0.4237234,-5.4252644,-2.3507228,0.0175265,0.733906,0.0223975
15.8632193,-0.4495224,-5.4513653,-2.3500239,0.0186549,0.733076,0.022568
15.9132611,-0.475272,-5.4774538,-2.3492821,0.0197924,0.7321974,0.0227499
15.9633028,-0.5009693,-5.5035291,-2.3484972,0.0209395,0.7312705,0.0229433
16.0133445,-0.5266116,-5.5295907,-2.347669,0.0220969,0.7302955,0.0231483
16.0633862,-0.5521961,-5.5556377,-2.3467972,0.0232652,0.7292724,0.0233653
16.1134279,-0.57772,-5.5816694,-2.3458816,0.0244449,0.7282015,0.0235943
16.1634696,-0.6031803,-5.6076852,-2.344922,0.0256367,0.7270831,0.0238356
16.2135113,-0.6285744,-5.6336842,-2.343918,0.0268412,0.7259174,0.0240893
16.263553,-0.6538995,-5.6596659,-2.3428694,0.028059,0.7247046,0.0243557
16.3135947,-0.6791528,-5.6856295,-2.3417759,0.0292907,0.7234449,0.0246351
16.3636364,-0.7043314,-5.7115742,-2.3406372,0.0305371,0.7221387,0.0249276
16.4136781,-0.7294327,-5.7374994,-2.339453,0.0317988,0.7207861,0.0252336
16.4637198,-0.7544538,-5.7634043,-2.3382229,0.0330764,0.7193875,0.0255532
16.5137615,-0.7793921,-5.7892883,-2.3369465,0.0343708,0.7179432,0.0258868
16.5638032,-0.8042448,-5.8151506,-2.3356236,0.0356825,0.7164535,0.0262347
16.6138449,-0.8290091,-5.8409905,-2.3342537,0.0370124,0.7149187,0.0265972
16.6638866,-0.8536823,-5.8668073,-2.3328364,0.0383611,0.7133391,0.0269746
16.7139283,-0.8782618,-5.8926003,-2.3313714,0.0397295,0.7117151,0.0273672
16.76397,-0.9027449,-5.9183688,-2.3298581,0.0411182,0.710047,0.0277754
16.8140117,-0.9271287,-5.9441121,-2.3282963,0.0425282,0.7083352,0.0281995
16.8640534,-0.9514107,-5.9698295,-2.3266853,0.0439602,0.70658,0.02864
16.9140951,-0.9755882,-5.9955202,-2.3250248,0.0454151,0.7047819,0.0290971
16.9641368,-0.9996586,-6.0211836,-2.3233143,0.0468936,0.7029413,0.0295714
17.0141785,-1.0236191,-6.0468189,-2.3215532,0.0483968,0.7010585,0.0300632
17.0642202,-1.0474672,-6.0724255,-2.319741,0.0499254,0.6991341,0.030573
17.1142619,-1.0712003,-6.0980027,-2.3178773,0.0514805,0.6971683,0.0311012
17.1643036,-1.0948156,-6.1235496,-2.3159614,0.0530629,0.6951618,0.0316483
17.2143453,-1.1183108,-6.1490658,-2.3139928,0.0546736,0.693115,0.0322147
17.264387,-1.141683,-6.1745504,-2.3119709,0.0563137,0.6910283,0.032801
17.3144287,-1.1649299,-6.2000027,-2.3098951,0.0579841,0.6889023,0.0334077
17.3644704,-1.1880488,-6.2254221,-2.3077648,0.0596858,0.6867374,0.0340353
17.4145121,-1.2110372,-6.2508078,-2.3055793,0.0614201,0.6845343,0.0346844
17.4645538,-1.2338926,-6.2761592,-2.303338,0.0631878,0.6822934,0.0353556
17.5145955,-1.2566125,-6.3014755,-2.3010401,0.0649903,0.6800153,0.0360493
17.5646372,-1.2791943,-6.3267561,-2.2986851,0.0668286,0.6777005,0.0367663
17.6146789,-1.3016356,-6.3520002,-2.2962721,0.068704,0.6753498,0.0375071
17.6647206,-1.3239339,-6.3772073,-2.2938005,0.0706176,0.6729636,0.0382724
17.7147623,-1.3460868,-6.4023765,-2.2912694,0.0725707,0.6705426,0.0390628
17.764804,-1.3680919,-6.4275072,-2.2886781,0.0745647,0.6680874,0.0398791
17.8148457,-1.3899466,-6.4525987,-2.2860259,0.0766008,0.6655987,0.0407218
17.8648874,-1.4116487,-6.4776503,-2.2833118,0.0786804,0.6630773,0.0415918
17.9149291,-1.4331957,-6.5026613,-2.280535,0.0808049,0.6605237,0.0424898
17.9649708,-1.4545853,-6.5276311,-2.2776946,0.0829757,0.6579387,0.0434164
18.0150125,-1.4758152,-6.5525589,-2.2747898,0.0851943,0.655323,0.0443725
18.0650542,-1.4968829,-6.577444,-2.2718197,0.0874623,0.6526774,0.0453589
18.1150959,-1.5177862,-6.6022859,-2.2687833,0.0897811,0.6500027,0.0463763
18.1651376,-1.5385227,-6.6270838,-2.2656796,0.0921524,0.6472997,0.0474255
18.2151793,-1.5590903,-6.6518369,-2.2625076,0.0945777,0.6445692,0.0485075
18.265221,-1.5794866,-6.6765447,-2.2592664,0.0970589,0.6418119,0.0496229
18.3152627,-1.5997094,-6.7012065,-2.2559549,0.0995975,0.6390289,0.0507727
18.3653044,-1.6197565,-6.7258216,-2.252572,0.1021954,0.636221,0.0519578
18.4153461,-1.6396257,-6.7503892,-2.2491166,0.1048543,0.6333891,0.053179
18.4653878,-1.6593147,-6.7749088,-2.2455877,0.1075762,0.6305342,0.0544372
18.5154295,-1.6788215,-6.7993797,-2.241984,0.1103629,0.6276571,0.0557333
18.5654712,-1.6981439,-6.8238011,-2.2383044,0.1132163,0.624759,0.0570681
18.6155129,-1.7172798,-6.8481725,-2.2345477,0.1161384,0.6218408,0.0584427
18.6655546,-1.736227,-6.8724931,-2.2307127,0.1191313,0.6189036,0.0598579
18.7155963,-1.7549835,-6.8967623,-2.2267981,0.122197,0.6159485,0.0613145
18.765638,-1.7735473,-6.9209794,-2.2228025,0.1253377,0.6129766,0.0628135
18.8156797,-1.7919162,-6.9451437,-2.2187248,0.1285555,0.609989,0.0643558
18.8657214,-1.8100883,-6.9692546,-2.2145635,0.1318526,0.6069869,0.0659422
18.9157631,-1.8280616,-6.9933115,-2.2103172,0.1352313,0.6039715,0.0675736
18.9658048,-1.845834,-7.0173136,-2.2059846,0.1386938,0.6009441,0.0692508
19.0158465,-1.8634038,-7.0412603,-2.2015641,0.1422426,0.5979058,0.0709745
19.0658882,-1.8807688,-7.065151,-2.1970544,0.1458798,0.5948582,0.0727456
19.1159299,-1.8979272,-7.0889849,-2.1924539,0.1496081,0.5918024,0.0745648
19.1659716,-1.9148772,-7.1127615,-2.187761,0.1534297,0.5887398,0.0764327
19.2160133,-1.9316168,-7.13648,-2.1829743,0.1573472,0.585672,0.0783499
19.266055,-1.9481442,-7.1601399,-2.178092,0.1613631,0.5826004,0.080317
19.3160967,-1.9644577,-7.1837405,-2.1731126,0.1654798,0.5795264,0.0823346
19.3661384,-1.9805553,-7.2072811,-2.1680343,0.1696999,0.5764516,0.0844028
19.4161802,-1.9964355,-7.2307611,-2.1628556,0.174026,0.5733776,0.0865222
19.4662219,-2.0120963,-7.2541798,-2.1575745,0.1784607,0.5703061,0.0886927
19.5162636,-2.0275361,-7.2775366,-2.1521895,0.1830064,0.5672386,0.0909147
19.5663053,-2.0427532,-7.3008309,-2.1466986,0.1876658,0.564177,0.0931878
19.616347,-2.0577459,-7.324062,-2.1411,0.1924414,0.561123,0.0955121
19.6663887,-2.0725125,-7.3472293,-2.1353919,0.1973358,0.5580784,0.0978871
19.7164304,-2.0870515,-7.3703321,-2.1295723,0.2023514,0.5550451,0.1003122
19.7664721,-2.1013613,-7.3933698,-2.1236394,0.2074907,0.5520249,0.1027868
19.8165138,-2.1154403,-7.4163418,-2.1175912,0.2127562,0.5490198,0.1053099
19.8665555,-2.1292868,-7.4392475,-2.1114256,0.2181502,0.5460319,0.1078804
19.9165972,-2.1428995,-7.4620861,-2.1051407,0.2236751,0.5430631,0.1104968
19.9666389,-2.1562768,-7.4848572,-2.0987344,0.2293329,0.5401155,0.1131574
20.0166806,-2.1694173,-7.50756,-2.0922047,0.2351259,0.5371913,0.1158604
20.0667223,-2.1823194,-7.5301939,-2.0855494,0.2410561,0.5342927,0.1186033
20.116764,-2.1949818,-7.5527584,-2.0787664,0.2471253,0.5314218,0.1213837
20.1668057,-2.2074032,-7.5752528,-2.0718535,0.2533352,0.5285809,0.1241986
20.2168474,-2.219582,-7.5976764,-2.0648087,0.2596875,0.5257724,0.1270446
20.2668891,-2.231517,-7.6200287,-2.0576297,0.2661834,0.5229985,0.129918
20.3169308,-2.243207,-7.6423091,-2.0503143,0.2728241,0.5202616,0.1328147
20.3669725,-2.2546505,-7.6645169,-2.0428602,0.2796106,0.5175642,0.1357302
20.4170142,-2.2658464,-7.6866515,-2.0352654,0.2865436,0.5149086,0.1386594
20.4670559,-2.2767933,-7.7087123,-2.0275275,0.2936234,0.5122973,0.1415968
20.5170976,-2.2874902,-7.7306988,-2.0196442,0.3008502,0.5097328,0.1445364
20.5671393,-2.2979358,-7.7526103,-2.0116134,0.3082238,0.5072175,0.1474717
20.617181,-2.308129,-7.7744462,-2.0034328,0.3157436,0.5047539,0.1503958
20.6672227,-2.3180687,-7.7962059,-1.9951002,0.3234087,0.5023445,0.1533012
20.7172644,-2.3277537,-7.8178888,-1.9866133,0.3312176,0.4999918,0.1561796
20.7673061,-2.3371831,-7.8394943,-1.97797,0.3391688,0.4976983,0.1590227
20.8173478,-2.3463557,-7.8610219,-1.969168,0.3472598,0.4954663,0.1618212
20.8673895,-2.3552706,-7.8824708,-1.9602051,0.3554881,0.4932982,0.1645656
20.9174312,-2.3639267,-7.9038407,-1.9510794,0.3638504,0.4911964,0.1672456
20.9674729,-2.3723232,-7.9251307,-1.9417886,0.3723429,0.4891632,0.1698508
21.0175146,-2.3804592,-7.9463405,-1.9323308,0.3809614,0.4872008,0.17237
21.0675563,-2.3883336,-7.9674693,-1.9227039,0.389701,0.4853112,0.1747918
21.117598,-2.3959457,-7.9885167,-1.912906,0.3985562,0.4834966,0.1771042
21.1676397,-2.4032946,-8.009482,-1.9029353,0.407521,0.4817589,0.1792951
21.2176814,-2.4103795,-8.0303646,-1.89279,0.4165886,0.4800997,0.181352
21.2677231,-2.4171997,-8.0511641,-1.8824683,0.4257517,0.4785208,0.1832622
21.3177648,-2.4237544,-8.0718797,-1.8719688,0.4350023,0.4770236,0.1850128
21.3678065,-2.4300428,-8.092511,-1.8612898,0.4443319,0.4756095,0.1865911
21.4178482,-2.4360643,-8.1130573,-1.8504301,0.4537311,0.4742795,0.187984
21.4678899,-2.4418182,-8.1335182,-1.8393883,0.46319,0.4730345,0.1891788
21.5179316,-2.4473038,-8.153893,-1.8281634,0.4726982,0.4718752,0.1901629
21.5679733,-2.4525207,-8.1741812,-1.8167544,0.4822444,0.470802,0.1909242
21.618015,-2.4574681,-8.1943822,-1.8051605,0.4918169,0.4698151,0.1914506
21.6680567,-2.4621457,-8.2144956,-1.793381,0.5014035,0.4689143,0.1917308
21.7180984,-2.4665527,-8.2345206,-1.7814156,0.5109912,0.4680992,0.1917542
21.7681401,-2.4706889,-8.2544568,-1.769264,0.5205667,0.4673691,0.1915105
21.8181818,-2.4745536,-8.2743037,-1.7569262,0.5301162,0.466723,0.1909906
21.8682235,-2.4781465,-8.2940606,-1.7444023,0.5396255,0.4661595,0.1901861
21.9182652,-2.4814672,-8.3137271,-1.7316927,0.54908,0.4656769,0.1890896
21.9683069,-2.4845154,-8.3333025,-1.7187983,0.5584647,0.4652732,0.1876948
22.0183486,-2.4872906,-8.3527865,-1.7057198,0.5677646,0.4649461,0.1859966
22.0683903,-2.4897926,-8.3721783,-1.6924584,0.5769641,0.4646927,0.1839909
22.118432,-2.4920212,-8.3914776,-1.6790158,0.5860479,0.4645101,0.1816749
22.1684737,-2.4939759,-8.4106837,-1.6653936,0.5950002,0.4643948,0.1790473
22.2185154,-2.4956568,-8.4297962,-1.6515939,0.6038056,0.4643432,0.1761077
22.2685571,-2.4970635,-8.4488145,-1.6376193,0.6124485,0.4643511,0.1728574
22.3185988,-2.4981959,-8.467738,-1.6234722,0.6209134,0.4644143,0.1692986
22.3686405,-2.4990539,-8.4865664,-1.609156,0.6291852,0.4645281,0.1654352
22.4186822,-2.4996374,-8.505299,-1.5946738,0.6372488,0.4646876,0.1612719
22.4687239,-2.4999464,-8.5239353,-1.5800295,0.6450895,0.4648878,0.156815
22.5187656,-2.4999807,-8.5424749,-1.5652272,0.6526931,0.4651233,0.1520718
22.5688073,-2.4997404,-8.5609172,-1.5502713,0.6600456,0.4653886,0.1470506
22.618849,-2.4992255,-8.5792616,-1.5351665,0.6671337,0.4656781,0.141761
22.6688907,-2.4984362,-8.5975078,-1.519918,0.6739444,0.465986,0.1362132
22.7189324,-2.4973723,-8.6156553,-1.5045314,0.6804653,0.4663066,0.1304186
22.7689741,-2.4960342,-8.6337034,-1.4890123,0.6866847,0.4666341,0.1243892
22.8190158,-2.4944219,-8.6516517,-1.473367,0.6925916,0.4669627,0.1181377
22.8690575,-2.4925355,-8.6694998,-1.4576018,0.6981755,0.4672867,0.1116776
22.9190992,-2.4903754,-8.6872471,-1.4417238,0.7034267,0.4676004,0.1050228
22.969141,-2.4879417,-8.7048931,-1.4257398,0.708336,0.4678986,0.0981878
23.0191827,-2.4852348,-8.7224374,-1.4096573,0.7128954,0.468176,0.0911871
23.0692244,-2.4822548,-8.7398794,-1.393484,0.7170972,0.4684275,0.0840361
23.1192661,-2.4790022,-8.7572188,-1.3772277,0.7209347,0.4686486,0.0767499
23.1693078,-2.4754773,-8.774455,-1.3608965,0.7244019,0.468835,0.0693442
23.2193495,-2.4716805,-8.7915875,-1.3444989,0.7274936,0.4689826,0.0618346
23.2693912,-2.4676122,-8.808616,-1.3280432,0.7302055,0.4690879,0.0542369
23.3194329,-2.4632728,-8.8255398,-1.3115383,0.7325338,0.4691479,0.0465667
23.3694746,-2.4586629,-8.8423585,-1.2949928,0.7344758,0.4691598,0.0388399
23.4195163,-2.4537828,-8.8590718,-1.2784157,0.7360294,0.4691216,0.0310722
23.469558,-2.4486333,-8.8756791,-1.2618161,0.7371934,0.4690315,0.0232792
23.5195997,-2.4432147,-8.8921799,-1.2452028,0.7379672,0.4688884,0.0154767
23.5696414,-2.4375278,-8.9085739,-1.2285849,0.7383512,0.4686918,0.0076799
23.6196831,-2.4315732,-8.9248605,-1.2119715,0.7383464,0.4684415,-9.57e-05
23.6697248,-2.4253514,-8.9410394,-1.1953716,0.7379547,0.4681379,-0.007835
23.7197665,-2.4188633,-8.95711,-1.178794,0.7371785,0.4677821,-0.0155229
23.7698082,-2.4121094,-8.973072,-1.1622475,0.7360213,0.4673753,-0.0231446
23.8198499,-2.4050906,-8.9889248,-1.1457409,0.734487,0.4669197,-0.0306855
23.8698916,-2.3978076,-9.0046681,-1.1292826,0.7325805,0.4664174,-0.0381312
23.9199333,-2.3902613,-9.0203014,-1.112881,0.7303071,0.4658714,-0.0454675
23.969975,-2.3824523,-9.0358244,-1.0965441,0.7276731,0.4652847,-0.0526804
24.0200167,-2.3743817,-9.0512365,-1.0802799,0.7246852,0.4646611,-0.0597566
24.0700584,-2.3660502,-9.0665373,-1.064096,0.7213511,0.4640042,-0.0666825
24.1201001,-2.3574589,-9.0817265,-1.0479998,0.7176788,0.4633184,-0.0734455
24.1701418,-2.3486086,-9.0968036,-1.0319983,0.7136772,0.462608,-0.080033
24.2201835,-2.3395003,-9.1117682,-1.0160984,0.7093555,0.4618775,-0.0864329
24.2702252,-2.3301351,-9.1266199,-1.0003065,0.7047238,0.4611319,-0.0926338
24.3202669,-2.3205139,-9.1413582,-0.9846287,0.6997926,0.4603758,-0.0986248
24.3703086,-2.3106377,-9.1559828,-0.9690708,0.6945728,0.4596144,-0.1043953
24.4203503,-2.3005078,-9.1704933,-0.9536384,0.6890761,0.4588524,-0.1099356
24.470392,-2.2901252,-9.1848893,-0.9383364,0.6833142,0.458095,-0.1152368
24.5204337,-2.279491,-9.1991704,-0.9231697,0.6772997,0.457347,-0.1202905
24.5704754,-2.2686065,-9.2133361,-0.9081426,0.6710452,0.4566133,-0.1250893
24.6205171,-2.2574727,-9.2273861,-0.8932593,0.6645639,0.4558985,-0.1296264
24.6705588,-2.246091,-9.2413201,-0.8785233,0.6578691,0.4552072,-0.1338962
24.7206005,-2.2344626,-9.2551375,-0.8639382,0.6509744,0.4545438,-0.1378938
24.7706422,-2.2225887,-9.2688381,-0.8495068,0.6438936,0.4539125,-0.1416153
24.8206839,-2.2104706,-9.2824215,-0.8352319,0.6366408,0.4533172,-0.1450578
24.8707256,-2.1981098,-9.2958873,-0.8211159,0.6292298,0.4527616,-0.1482193
24.9207673,-2.1855075,-9.3092351,-0.8071607,0.6216748,0.4522492,-0.1510991
24.970809,-2.1726652,-9.3224646,-0.7933681,0.61399,0.4517831,-0.1536972
25.0208507,-2.1595842,-9.3355754,-0.7797396,0.6061892,0.4513662,-0.1560147
25.0708924,-2.146266,-9.3485671,-0.7662763,0.5982866,0.4510011,-0.1580538
25.1209341,-2.132712,-9.3614394,-0.752979,0.5902957,0.4506901,-0.1598174
25.1709758,-2.1189237,-9.3741919,-0.7398484,0.5822302,0.4504353,-0.1613097
25.2210175,-2.1049027,-9.3868244,-0.7268848,0.5741034,0.4502383,-0.1625354
25.2710592,-2.0906505,-9.3993363,-0.7140884,0.5659284,0.4501005,-0.1635004
25.3211009,-2.0761687,-9.4117274,-0.701459,0.5577179,0.4500231,-0.1642111
25.3711426,-2.0614588,-9.4239974,-0.6889963,0.5494841,0.4500069,-0.1646748
25.4211843,-2.0465224,-9.4361459,-0.6766997,0.5412391,0.4500526,-0.1648994
25.471226,-2.0313613,-9.4481726,-0.6645686,0.5329945,0.4501604,-0.1648935
25.5212677,-2.015977,-9.4600771,-0.6526021,0.5247612,0.4503305,-0.164666
25.5713094,-2.0003713,-9.4718591,-0.6407991,0.5165498,0.4505626,-0.1642264
25.6213511,-1.9845458,-9.4835184,-0.6291585,0.5083706,0.4508565,-0.1635847
25.6713928,-1.9685024,-9.4950545,-0.6176787,0.5002331,0.4512114,-0.1627509
25.7214345,-1.9522427,-9.5064672,-0.6063585,0.4921463,0.4516268,-0.1617354
25.7714762,-1.9357686,-9.5177561,-0.5951961,0.4841189,0.4521015,-0.1605488
25.8215179,-1.9190819,-9.5289209,-0.5841898,0.4761588,0.4526344,-0.1592018
25.8715596,-1.9021843,-9.5399614,-0.5733379,0.4682735,0.4532244,-0.1577048
25.9216013,-1.8850778,-9.5508772,-0.5626385,0.4604701,0.4538699,-0.1560687
25.971643,-1.8677643,-9.5616681,-0.5520895,0.4527549,0.4545695,-0.1543037
26.0216847,-1.8502456,-9.5723336,-0.5416888,0.4451339,0.4553214,-0.1524204
26.0717264,-1.8325236,-9.5828736,-0.5314345,0.4376124,0.456124,-0.1504289
26.1217681,-1.8146003,-9.5932878,-0.5213243,0.4301955,0.4569754,-0.148339
26.1718098,-1.7964778,-9.6035758,-0.5113559,0.4228875,0.4578737,-0.1461604
26.2218515,-1.7781579,-9.6137374,-0.5015271,0.4156924,0.4588169,-0.1439024
26.2718932,-1.7596426,-9.6237723,-0.4918356,0.4086137,0.459803,-0.1415739
26.3219349,-1.7409341,-9.6336803,-0.482279,0.4016545,0.46083,-0.1391837
26.3719766,-1.7220344,-9.6434609,-0.472855,0.3948175,0.4618958,-0.1367399
26.4220183,-1.7029455,-9.6531141,-0.4635612,0.388105,0.4629982,-0.1342503
26.4720601,-1.6836695,-9.6626395,-0.4543952,0.3815189,0.4641352,-0.1317224
26.5221018,-1.6642086,-9.6720368,-0.4453545,0.3750607,0.4653045,-0.1291631
26.5721435,-1.6445649,-9.6813059,-0.4364368,0.3687317,0.466504,-0.1265792
26.6221852,-1.6247406,-9.6904464,-0.4276396,0.3625329,0.4677317,-0.1239767
26.6722269,-1.6047377,-9.699458,-0.4189606,0.3564648,0.4689854,-0.1213615
26.7222686,-1.5845587,-9.7083407,-0.4103972,0.3505279,0.4702629,-0.118739
26.7723103,-1.5642055,-9.717094,-0.4019471,0.3447222,0.4715622,-0.1161141
26.822352,-1.5436805,-9.7257178,-0.393608,0.3390476,0.4728813,-0.1134914
26.8723937,-1.522986,-9.7342118,-0.3853773,0.3335038,0.474218,-0.1108752
26.9224354,-1.5021242,-9.7425758,-0.3772527,0.3280904,0.4755704,-0.1082694
26.9724771,-1.4810974,-9.7508096,-0.3692319,0.3228065,0.4769365,-0.1056775
27.0225188,-1.4599079,-9.7589129,-0.3613125,0.3176514,0.4783144,-0.1031027
27.0725605,-1.438558,-9.7668855,-0.3534922,0.312624,0.4797021,-0.1005478
27.1226022,-1.4170501,-9.7747273,-0.3457687,0.3077232,0.4810979,-0.0980155
27.1726439,-1.3953866,-9.7824379,-0.3381398,0.3029478,0.4824998,-0.0955081
27.2226856,-1.3735697,-9.7900171,-0.3306031,0.2982964,0.4839061,-0.0930275
27.2727273,-1.351602,-9.7974649,-0.3231564,0.2937676,0.4853152,-0.0905757
27.322769,-1.3294859,-9.8047809,-0.3157976,0.2893599,0.4867251,-0.0881541
27.3728107,-1.3072237,-9.8119649,-0.3085244,0.2850717,0.4881344,-0.085764
27.4228524,-1.2848179,-9.8190168,-0.3013347,0.2809014,0.4895415,-0.0834066
27.4728941,-1.262271,-9.8259364,-0.2942263,0.2768472,0.4909446,-0.0810829
27.5229358,-1.2395854,-9.8327234,-0.2871972,0.2729076,0.4923424,-0.0787934
27.5729775,-1.2167637,-9.8393777,-0.2802453,0.2690806,0.4937334,-0.0765389
27.6230192,-1.1938083,-9.8458991,-0.2733686,0.2653646,0.4951161,-0.0743198
27.6730609,-1.1707217,-9.8522875,-0.2665649,0.2617578,0.4964891,-0.0721362
27.7231026,-1.1475066,-9.8585426,-0.2598323,0.2582584,0.4978512,-0.0699885
27.7731443,-1.1241655,-9.8646643,-0.2531689,0.2548646,0.4992009,-0.0678766
27.823186,-1.1007008,-9.8706524,-0.2465726,0.2515745,0.500537,-0.0658005
27.8732277,-1.0771152,-9.8765067,-0.2400417,0.2483865,0.5018584,-0.06376
27.9232694,-1.0534114,-9.8822271,-0.2335741,0.2452988,0.5031637,-0.0617548
27.9733111,-1.0295918,-9.8878135,-0.2271681,0.2423096,0.504452,-0.0597846
28.0233528,-1.0056591,-9.8932656,-0.2208217,0.2394171,0.505722,-0.0578489
28.0733945,-0.981616,-9.8985834,-0.2145333,0.2366198,0.5069727,-0.0559474
28.1234362,-0.957465,-9.9037666,-0.2083009,0.2339158,0.5082031,-0.0540794
28.1734779,-0.9332089,-9.9088152,-0.2021228,0.2313036,0.5094122,-0.0522443
28.2235196,-0.9088502,-9.9137289,-0.1959973,0.2287815,0.5105991,-0.0504416
28.2735613,-0.8843917,-9.9185078,-0.1899227,0.226348,0.5117627,-0.0486705
28.323603,-0.8598361,-9.9231515,-0.1838972,0.2240015,0.5129023,-0.0469304
28.3736447,-0.835186,-9.9276601,-0.1779192,0.2217404,0.514017,-0.0452203
28.4236864,-0.8104442,-9.9320333,-0.1719871,0.2195635,0.5151059,-0.0435397
28.4737281,-0.7856134,-9.9362711,-0.1660992,0.2174691,0.5161683,-0.0418876
28.5237698,-0.7606963,-9.9403734,-0.1602538,0.2154559,0.5172034,-0.0402632
28.5738115,-0.7356956,-9.9443399,-0.1544495,0.2135226,0.5182105,-0.0386658
28.6238532,-0.7106141,-9.9481707,-0.1486846,0.2116679,0.5191889,-0.0370943
28.6738949,-0.6854545,-9.9518657,-0.1429577,0.2098905,0.520138,-0.035548
28.7239366,-0.6602197,-9.9554246,-0.137267,0.2081892,0.521057,-0.034026
28.7739783,-0.6349123,-9.9588474,-0.1316112,0.2065628,0.5219454,-0.0325274
28.82402,-0.6095352,-9.9621341,-0.1259888,0.2050103,0.5228027,-0.0310512
28.8740617,-0.5840911,-9.9652845,-0.1203982,0.2035304,0.5236282,-0.0295965
28.9241034,-0.5585829,-9.9682986,-0.1148379,0.2021223,0.5244215,-0.0281626
28.9741451,-0.5330133,-9.9711762,-0.1093066,0.2007849,0.5251819,-0.0267483
29.0241868,-0.5073852,-9.9739173,-0.1038028,0.1995173,0.5259092,-0.0253529
29.0742285,-0.4817013,-9.9765218,-0.0983251,0.1983185,0.5266028,-0.0239754
29.1242702,-0.4559645,-9.9789897,-0.092872,0.1971877,0.5272623,-0.0226149
29.1743119,-0.4301777,-9.9813208,-0.0874422,0.1961242,0.5278873,-0.0212704
29.2243536,-0.4043435,-9.9835151,-0.0820342,0.1951272,0.5284774,-0.0199412
29.2743953,-0.378465,-9.9855726,-0.0766467,0.1941959,0.5290323,-0.0186262
29.324437,-0.3525449,-9.9874932,-0.0712783,0.1933296,0.5295516,-0.0173245
29.3744787,-0.3265861,-9.9892768,-0.0659277,0.1925279,0.5300351,-0.0160353
29.4245204,-0.3005914,-9.9909233,-0.0605935,0.19179,0.5304825,-0.0147576
29.4745621,-0.2745637,-9.9924329,-0.0552743,0.1911155,0.5308935,-0.0134905
29.5246038,-0.2485058,-9.9938053,-0.0499689,0.1905038,0.5312679,-0.0122332
29.5746455,-0.2224206,-9.9950406,-0.0446758,0.1899546,0.5316054,-0.0109848
29.6246872,-0.196311,-9.9961387,-0.0393939,0.1894673,0.5319059,-0.0097443
29.6747289,-0.1701798,-9.9970997,-0.0341216,0.1890418,0.5321692,-0.0085108
29.7247706,-0.14403,-9.9979234,-0.0288579,0.1886776,0.5323952,-0.0072835
29.7748123,-0.1178643,-9.9986098,-0.0236013,0.1883746,0.5325837,-0.0060615
29.824854,-0.0916856,-9.999159,-0.0183505,0.1881324,0.5327346,-0.0048439
29.8748957,-0.0654969,-9.9995709,-0.0131043,0.1879509,0.5328479,-0.0036299
29.9249374,-0.039301,-9.9998455,-0.0078613,0.1878299,0.5329234,-0.0024185
29.9749791,-0.0131008,-9.9999828,-0.0026202,0.1877695,0.5329612,-0.0012088
30.0250209,0.0131008,-9.9999828,0.0026202,0.1877695,0.5329612,0
30.0750626,0.039301,-9.9998455,0.0078613,0.1878299,0.5329234,0.0012088
30.1251043,0.0654969,-9.9995709,0.0131043,0.1879509,0.5328479,0.0024185
30.175146,0.0916856,-9.999159,0.0183505,0.1881324,0.5327346,0.0036299
30.2251877,0.1178643,-9.9986098,0.0236013,0.1883746,0.5325837,0.0048439
30.2752294,0.14403,-9.9979234,0.0288579,0.1886776,0.5323952,0.0060615
30.3252711,0.1701798,-9.9970997,0.0341216,0.1890418,0.5321692,0.0072835
30.3753128,0.196311,-9.9961387,0.0393939,0.1894673,0.5319059,0.0085108
30.4253545,0.2224206,-9.9950406,0.0446758,0.1899546,0.5316054,0.0097443
30.4753962,0.2485058,-9.9938053,0.0499689,0.1905038,0.5312679,0.0109848
30.5254379,0.2745637,-9.9924329,0.0552743,0.1911155,0.5308935,0.0122332
30.5754796,0.3005914,-9.9909233,0.0605935,0.19179,0.5304825,0.0134905
30.6255213,0.3265861,-9.9892768,0.0659277,0.1925279,0.5300351,0.0147576
30.675563,0.3525449,-9.9874932,0.0712783,0.1933296,0.5295516,0.0160353
30.7256047,0.378465,-9.9855726,0.0766467,0.1941959,0.5290323,0.0173245
30.7756464,0.4043435,-9.9835151,0.0820342,0.1951272,0.5284774,0.0186262
30.8256881,0.4301777,-9.9813208,0.0874422,0.1961242,0.5278873,0.0199412
30.8757298,0.4559645,-9.9789897,0.092872,0.1971877,0.5272623,0.0212704
30.9257715,0.4817013,-9.9765218,0.0983251,0.1983185,0.5266028,0.0226149
30.9758132,0.5073852,-9.9739173,0.1038028,0.1995173,0.5259092,0.0239754
31.0258549,0.5330133,-9.9711762,0.1093066,0.2007849,0.5251819,0.0253529
31.0758966,0.5585829,-9.9682986,0.1148379,0.2021223,0.5244215,0.0267483
31.1259383,0.5840911,-9.9652845,0.1203982,0.2035304,0.5236282,0.0281626
31.17598,0.6095352,-9.9621341,0.1259888,0.2050103,0.5228027,0.0295965
31.2260217,0.6349123,-9.9588474,0.1316112,0.2065628,0.5219454,0.0310512
31.2760634,0.6602197,-9.9554246,0.137267,0.2081892,0.521057,0.0325274
31.3261051,0.6854545,-9.9518657,0.1429577,0.2098905,0.520138,0.034026
31.3761468,0.7106141,-9.9481707,0.1486846,0.2116679,0.5191889,0.035548
31.4261885,0.7356956,-9.9443399,0.1544495,0.2135226,0.5182105,0.0370943
31.4762302,0.7606963,-9.9403734,0.1602538,0.2154559,0.5172034,0.0386658
31.5262719,0.7856134,-9.9362711,0.1660992,0.2174691,0.5161683,0.0402632
31.5763136,0.8104442,-9.9320333,0.1719871,0.2195635,0.5151059,0.0418876
31.6263553,0.835186,-9.9276601,0.1779192,0.2217404,0.514017,0.0435397
31.676397,0.8598361,-9.9231515,0.1838972,0.2240015,0.5129023,0.0452203
31.7264387,0.8843917,-9.9185078,0.1899227,0.226348,0.5117627,0.0469304
31.7764804,0.9088502,-9.9137289,0.1959973,0.2287815,0.5105991,0.0486705
31.8265221,0.9332089,-9.9088152,0.2021228,0.2313036,0.5094122,0.0504416
31.8765638,0.957465,-9.9037666,0.2083009,0.2339158,0.5082031,0.0522443
31.9266055,0.981616,-9.8985834,0.2145333,0.2366198,0.5069727,0.0540794
31.9766472,1.0056591,-9.8932656,0.2208217,0.2394171,0.505722,0.0559474
32.0266889,1.0295918,-9.8878135,0.2271681,0.2423096,0.504452,0.0578489
32.0767306,1.0534114,-9.8822271,0.2335741,0.2452988,0.5031637,0.0597846
32.1267723,1.0771152,-9.8765067,0.2400417,0.2483865,0.5018584,0.0617548
32.176814,1.1007008,-9.8706524,0.2465726,0.2515745,0.500537,0.06376
32.2268557,1.1241655,-9.8646643,0.2531689,0.2548646,0.4992009,0.0658005
32.2768974,1.1475066,-9.8585426,0.2598323,0.2582584,0.4978512,0.0678766
32.3269391,1.1707217,-9.8522875,0.2665649,0.2617578,0.4964891,0.0699885
32.3769808,1.1938083,-9.8458991,0.2733686,0.2653646,0.4951161,0.0721362
32.4270225,1.2167637,-9.8393777,0.2802453,0.2690806,0.4937334,0.0743198
32.4770642,1.2395854,-9.8327234,0.2871972,0.2729076,0.4923424,0.0765389
32.5271059,1.262271,-9.8259364,0.2942263,0.2768472,0.4909446,0.0787934
32.5771476,1.2848179,-9.8190168,0.3013347,0.2809014,0.4895415,0.0810829
32.6271893,1.3072237,-9.8119649,0.3085244,0.2850717,0.4881344,0.0834066
32.677231,1.3294859,-9.8047809,0.3157976,0.2893599,0.4867251,0.085764
32.7272727,1.351602,-9.7974649,0.3231564,0.2937676,0.4853152,0.0881541
32.7773144,1.3735697,-9.7900171,0.3306031,0.2982964,0.4839061,0.0905757
32.8273561,1.3953866,-9.7824379,0.3381398,0.3029478,0.4824998,0.0930275
32.8773978,1.4170501,-9.7747273,0.3457687,0.3077232,0.4810979,0.0955081
32.9274395,1.438558,-9.7668855,0.3534922,0.312624,0.4797021,0.0980155
32.9774812,1.4599079,-9.7589129,0.3613125,0.3176514,0.4783144,0.1005478
33.0275229,1.4810974,-9.7508096,0.3692319,0.3228065,0.4769365,0.1031027
33.0775646,1.5021242,-9.7425758,0.3772527,0.3280904,0.4755704,0.1056775
33.1276063,1.522986,-9.7342118,0.3853773,0.3335038,0.474218,0.1082694
33.177648,1.5436805,-9.7257178,0.393608,0.3390476,0.4728813,0.1108752
33.2276897,1.5642055,-9.717094,0.4019471,0.3447222,0.4715622,0.1134914
33.2777314,1.5845587,-9.7083407,0.4103972,0.3505279,0.4702629,0.1161141
33.3277731,1.6047377,-9.699458,0.4189606,0.3564648,0.4689854,0.118739
33.3778148,1.6247406,-9.6904464,0.4276396,0.3625329,0.4677317,0.1213615
33.4278565,1.6445649,-9.6813059,0.4364368,0.3687317,0.466504,0.1239767
33.4778982,1.6642086,-9.6720368,0.4453545,0.3750607,0.4653045,0.1265792
33.5279399,1.6836695,-9.6626395,0.4543952,0.3815189,0.4641352,0.1291631
33.5779817,1.7029455,-9.6531141,0.4635612,0.388105,0.4629982,0.1317224
33.6280234,1.7220344,-9.6434609,0.472855,0.3948175,0.4618958,0.1342503
33.6780651,1.7409341,-9.6336803,0.482279,0.4016545,0.46083,0.1367399
33.7281068,1.7596426,-9.6237723,0.4918356,0.4086137,0.459803,0.1391837
33.7781485,1.7781579,-9.6137374,0.5015271,0.4156924,0.4588169,0.1415739
33.8281902,1.7964778,-9.6035758,0.5113559,0.4228875,0.4578737,0.1439024
33.8782319,1.8146003,-9.5932878,0.5213243,0.4301955,0.4569754,0.1461604
33.9282736,1.8325236,-9.5828736,0.5314345,0.4376124,0.456124,0.148339
33.9783153,1.8502456,-9.5723336,0.5416888,0.4451339,0.4553214,0.1504289
34.028357,1.8677643,-9.5616681,0.5520895,0.4527549,0.4545695,0.1524204
34.0783987,1.8850778,-9.5508772,0.5626385,0.4604701,0.4538699,0.1543037
34.1284404,1.9021843,-9.5399614,0.5733379,0.4682735,0.4532244,0.1560687
34.1784821,1.9190819,-9.5289209,0.5841898,0.4761588,0.4526344,0.1577048
34.2285238,1.9357686,-9.5177561,0.5951961,0.4841189,0.4521015,0.1592018
34.2785655,1.9522427,-9.5064672,0.6063585,0.4921463,0.4516268,0.1605488
34.3286072,1.9685024,-9.4950545,0.6176787,0.5002331,0.4512114,0.1617354
34.3786489,1.9845458,-9.4835184,0.6291585,0.5083706,0.4508565,0.1627509
34.4286906,2.0003713,-9.4718591,0.6407991,0.5165498,0.4505626,0.1635847
34.4787323,2.015977,-9.4600771,0.6526021,0.5247612,0.4503305,0.1642264
34.528774,2.0313613,-9.4481726,0.6645686,0.5329945,0.4501604,0.164666
34.5788157,2.0465224,-9.4361459,0.6766997,0.5412391,0.4500526,0.1648935
34.6288574,2.0614588,-9.4239974,0.6889963,0.5494841,0.4500069,0.1648994
34.6788991,2.0761687,-9.4117274,0.701459,0.5577179,0.4500231,0.1646748
34.7289408,2.0906505,-9.3993363,0.7140884,0.5659284,0.4501005,0.1642111
34.7789825,2.1049027,-9.3868244,0.7268848,0.5741034,0.4502383,0.1635004
34.8290242,2.1189237,-9.3741919,0.7398484,0.5822302,0.4504353,0.1625354
34.8790659,2.132712,-9.3614394,0.752979,0.5902957,0.4506901,0.1613097
34.9291076,2.146266,-9.3485671,0.7662763,0.5982866,0.4510011,0.1598174
34.9791493,2.1595842,-9.3355754,0.7797396,0.6061892,0.4513662,0.1580538
35.029191,2.1726652,-9.3224646,0.7933681,0.61399,0.4517831,0.1560147
35.0792327,2.1855075,-9.3092351,0.8071607,0.6216748,0.4522492,0.1536972
35.1292744,2.1981098,-9.2958873,0.8211159,0.6292298,0.4527616,0.1510991
35.1793161,2.2104706,-9.2824215,0.8352319,0.6366408,0.4533172,0.1482193
35.2293578,2.2225887,-9.2688381,0.8495068,0.6438936,0.4539125,0.1450578
35.2793995,2.2344626,-9.2551375,0.8639382,0.6509744,0.4545438,0.1416153
35.3294412,2.246091,-9.2413201,0.8785233,0.6578691,0.4552072,0.1378938
35.3794829,2.2574727,-9.2273861,0.8932593,0.6645639,0.4558985,0.1338962
35.4295246,2.2686065,-9.2133361,0.9081426,0.6710452,0.4566133,0.1296264
35.4795663,2.279491,-9.1991704,0.9231697,0.6772997,0.457347,0.1250893
35.529608,2.2901252,-9.1848893,0.9383364,0.6833142,0.458095,0.1202905
35.5796497,2.3005078,-9.1704933,0.9536384,0.6890761,0.4588524,0.1152368
35.6296914,2.3106377,-9.1559828,0.9690708,0.6945728,0.4596144,0.1099356
35.6797331,2.3205139,-9.1413582,0.9846287,0.6997926,0.4603758,0.1043953
35.7297748,2.3301351,-9.1266199,1.0003065,0.7047238,0.4611319,0.0986248
35.7798165,2.3395003,-9.1117682,1.0160984,0.7093555,0.4618775,0.0926338
35.8298582,2.3486086,-9.0968036,1.0319983,0.7136772,0.462608,0.0864329
35.8798999,2.3574589,-9.0817265,1.0479998,0.7176788,0.4633184,0.080033
35.9299416,2.3660502,-9.0665373,1.064096,0.7213511,0.4640042,0.0734455
35.9799833,2.3743817,-9.0512365,1.0802799,0.7246852,0.4646611,0.0666825
36.030025,2.3824523,-9.0358244,1.0965441,0.7276731,0.4652847,0.0597566
36.0800667,2.3902613,-9.0203014,1.112881,0.7303071,0.4658714,0.0526804
36.1301084,2.3978076,-9.0046681,1.1292826,0.7325805,0.4664174,0.0454675
36.1801501,2.4050906,-8.9889248,1.1457409,0.734487,0.4669197,0.0381312
36.2301918,2.4121094,-8.973072,1.1622475,0.7360213,0.4673753,0.0306855
36.2802335,2.4188633,-8.95711,1.178794,0.7371785,0.4677821,0.0231446
36.3302752,2.4253514,-8.9410394,1.1953716,0.7379547,0.4681379,0.0155229
36.3803169,2.4315732,-8.9248605,1.2119715,0.7383464,0.4684415,0.007835
36.4303586,2.4375278,-8.9085739,1.2285849,0.7383512,0.4686918,9.57e-05
36.4804003,2.4432147,-8.8921799,1.2452028,0.7379672,0.4688884,-0.0076799
36.530442,2.4486333,-8.8756791,1.2618161,0.7371934,0.4690315,-0.0154767
36.5804837,2.4537828,-8.8590718,1.2784157,0.7360294,0.4691216,-0.0232792
36.6305254,2.4586629,-8.8423585,1.2949928,0.7344758,0.4691598,-0.0310722
36.6805671,2.4632728,-8.8255398,1.3115383,0.7325338,0.4691479,-0.0388399
36.7306088,2.4676122,-8.808616,1.3280432,0.7302055,0.4690879,-0.0465667
36.7806505,2.4716805,-8.7915875,1.3444989,0.7274936,0.4689826,-0.0542369
36.8306922,2.4754773,-8.774455,1.3608965,0.7244019,0.468835,-0.0618346
36.8807339,2.4790022,-8.7572188,1.3772277,0.7209347,0.4686486,-0.0693442
36.9307756,2.4822548,-8.7398794,1.393484,0.7170972,0.4684275,-0.0767499
36.9808173,2.4852348,-8.7224374,1.4096573,0.7128954,0.468176,-0.0840361
37.030859,2.4879417,-8.7048931,1.4257398,0.708336,0.4678986,-0.0911871
37.0809008,2.4903754,-8.6872471,1.4417238,0.7034267,0.4676004,-0.0981878
37.1309425,2.4925355,-8.6694998,1.4576018,0.6981755,0.4672867,-0.1050228
37.1809842,2.4944219,-8.6516517,1.473367,0.6925916,0.4669627,-0.1116776
37.2310259,2.4960342,-8.6337034,1.4890123,0.6866847,0.4666341,-0.1181377
37.2810676,2.4973723,-8.6156553,1.5045314,0.6804653,0.4663066,-0.1243892
37.3311093,2.4984362,-8.5975078,1.519918,0.6739444,0.465986,-0.1304186
37.381151,2.4992255,-8.5792616,1.5351665,0.6671337,0.4656781,-0.1362132
37.4311927,2.4997404,-8.5609172,1.5502713,0.6600456,0.4653886,-0.141761
37.4812344,2.4999807,-8.5424749,1.5652272,0.6526931,0.4651233,-0.1470506
37.5312761,2.4999464,-8.5239353,1.5800295,0.6450895,0.4648878,-0.1520718
37.5813178,2.4996374,-8.505299,1.5946738,0.6372488,0.4646876,-0.156815
37.6313595,2.4990539,-8.4865664,1.609156,0.6291852,0.4645281,-0.1612719
37.6814012,2.4981959,-8.467738,1.6234722,0.6209134,0.4644143,-0.1654352
37.7314429,2.4970635,-8.4488145,1.6376193,0.6124485,0.4643511,-0.1692986
37.7814846,2.4956568,-8.4297962,1.6515939,0.6038056,0.4643432,-0.1728574
37.8315263,2.4939759,-8.4106837,1.6653936,0.5950002,0.4643948,-0.1761077
37.881568,2.4920212,-8.3914776,1.6790158,0.5860479,0.4645101,-0.1790473
37.9316097,2.4897926,-8.3721783,1.6924584,0.5769641,0.4646927,-0.1816749
37.9816514,2.4872906,-8.3527865,1.7057198,0.5677646,0.4649461,-0.1839909
38.0316931,2.4845154,-8.3333025,1.7187983,0.5584647,0.4652732,-0.1859966
38.0817348,2.4814672,-8.3137271,1.7316927,0.54908,0.4656769,-0.1876948
38.1317765,2.4781465,-8.2940606,1.7444023,0.5396255,0.4661595,-0.1890896
38.1818182,2.4745536,-8.2743037,1.7569262,0.5301162,0.466723,-0.1901861
38.2318599,2.4706889,-8.2544568,1.769264,0.5205667,0.4673691,-0.1909906
38.2819016,2.4665527,-8.2345206,1.7814156,0.5109912,0.4680992,-0.1915105
38.3319433,2.4621457,-8.2144956,1.793381,0.5014035,0.4689143,-0.1917542
38.381985,2.4574681,-8.1943822,1.8051605,0.4918169,0.4698151,-0.1917308
38.4320267,2.4525207,-8.1741812,1.8167544,0.4822444,0.470802,-0.1914506
38.4820684,2.4473038,-8.153893,1.8281634,0.4726982,0.4718752,-0.1909242
38.5321101,2.4418182,-8.1335182,1.8393883,0.46319,0.4730345,-0.1901629
38.5821518,2.4360643,-8.1130573,1.8504301,0.4537311,0.4742795,-0.1891788
38.6321935,2.4300428,-8.092511,1.8612898,0.4443319,0.4756095,-0.187984
38.6822352,2.4237544,-8.0718797,1.8719688,0.4350023,0.4770236,-0.1865911
38.7322769,2.4171997,-8.0511641,1.8824683,0.4257517,0.4785208,-0.1850128
38.7823186,2.4103795,-8.0303646,1.89279,0.4165886,0.4800997,-0.1832622
38.8323603,2.4032946,-8.009482,1.9029353,0.407521,0.4817589,-0.181352
38.882402,2.3959457,-7.9885167,1.912906,0.3985562,0.4834966,-0.1792951
38.9324437,2.3883336,-7.9674693,1.9227039,0.389701,0.4853112,-0.1771042
38.9824854,2.3804592,-7.9463405,1.9323308,0.3809614,0.4872008,-0.1747918
39.0325271,2.3723232,-7.9251307,1.9417886,0.3723429,0.4891632,-0.17237
39.0825688,2.3639267,-7.9038407,1.9510794,0.3638504,0.4911964,-0.1698508
39.1326105,2.3552706,-7.8824708,1.9602051,0.3554881,0.4932982,-0.1672456
39.1826522,2.3463557,-7.8610219,1.969168,0.3472598,0.4954663,-0.1645656
39.2326939,2.3371831,-7.8394943,1.97797,0.3391688,0.4976983,-0.1618212
39.2827356,2.3277537,-7.8178888,1.9866133,0.3312176,0.4999918,-0.1590227
39.3327773,2.3180687,-7.7962059,1.9951002,0.3234087,0.5023445,-0.1561796
39.382819,2.308129,-7.7744462,2.0034328,0.3157436,0.5047539,-0.1533012
39.4328607,2.2979358,-7.7526103,2.0116134,0.3082238,0.5072175,-0.1503958
39.4829024,2.2874902,-7.7306988,2.0196442,0.3008502,0.5097328,-0.1474717
39.5329441,2.2767933,-7.7087123,2.0275275,0.2936234,0.5122973,-0.1445364
39.5829858,2.2658464,-7.6866515,2.0352654,0.2865436,0.5149086,-0.1415968
39.6330275,2.2546505,-7.6645169,2.0428602,0.2796106,0.5175642,-0.1386594
39.6830692,2.243207,-7.6423091,2.0503143,0.2728241,0.5202616,-0.1357302
39.7331109,2.231517,-7.6200287,2.0576297,0.2661834,0.5229985,-0.1328147
39.7831526,2.219582,-7.5976764,2.0648087,0.2596875,0.5257724,-0.129918
39.8331943,2.2074032,-7.5752528,2.0718535,0.2533352,0.5285809,-0.1270446
39.883236,2.1949818,-7.5527584,2.0787664,0.2471253,0.5314218,-0.1241986
39.9332777,2.1823194,-7.5301939,2.0855494,0.2410561,0.5342927,-0.1213837
39.9833194,2.1694173,-7.50756,2.0922047,0.2351259,0.5371913,-0.1186033
40.0333611,2.1562768,-7.4848572,2.0987344,0.2293329,0.5401155,-0.1158604
40.0834028,2.1428995,-7.4620861,2.1051407,0.2236751,0.5430631,-0.1131574
40.1334445,2.1292868,-7.4392475,2.1114256,0.2181502,0.5460319,-0.1104968
40.1834862,2.1154403,-7.4163418,2.1175912,0.2127562,0.5490198,-0.1078804
40.2335279,2.1013613,-7.3933698,2.1236394,0.2074907,0.5520249,-0.1053099
40.2835696,2.0870515,-7.3703321,2.1295723,0.2023514,0.5550451,-0.1027868
40.3336113,2.0725125,-7.3472293,2.1353919,0.1973358,0.5580784,-0.1003122
40.383653,2.0577459,-7.324062,2.1411,0.1924414,0.561123,-0.0978871
40.4336947,2.0427532,-7.3008309,2.1466986,0.1876658,0.564177,-0.0955121
40.4837364,2.0275361,-7.2775366,2.1521895,0.1830064,0.5672386,-0.0931878
40.5337781,2.0120963,-7.2541798,2.1575745,0.1784607,0.5703061,-0.0909147
40.5838198,1.9964355,-7.2307611,2.1628556,0.174026,0.5733776,-0.0886927
40.6338616,1.9805553,-7.2072811,2.1680343,0.1696999,0.5764516,-0.0865222
40.6839033,1.9644577,-7.1837405,2.1731126,0.1654798,0.5795264,-0.0844028
40.733945,1.9481442,-7.1601399,2.178092,0.1613631,0.5826004,-0.0823346
40.7839867,1.9316168,-7.13648,2.1829743,0.1573472,0.585672,-0.080317
40.8340284,1.9148772,-7.1127615,2.187761,0.1534297,0.5887398,-0.0783499
40.8840701,1.8979272,-7.0889849,2.1924539,0.1496081,0.5918024,-0.0764327
40.9341118,1.8807688,-7.065151,2.1970544,0.1458798,0.5948582,-0.0745648
40.9841535,1.8634038,-7.0412603,2.2015641,0.1422426,0.5979058,-0.0727456
41.0341952,1.845834,-7.0173136,2.2059846,0.1386938,0.6009441,-0.0709745
41.0842369,1.8280616,-6.9933115,2.2103172,0.1352313,0.6039715,-0.0692508
41.1342786,1.8100883,-6.9692546,2.2145635,0.1318526,0.6069869,-0.0675736
41.1843203,1.7919162,-6.9451437,2.2187248,0.1285555,0.609989,-0.0659422
41.234362,1.7735473,-6.9209794,2.2228025,0.1253377,0.6129766,-0.0643558
41.2844037,1.7549835,-6.8967623,2.2267981,0.122197,0.6159485,-0.0628135
41.3344454,1.736227,-6.8724931,2.2307127,0.1191313,0.6189036,-0.0613145
41.3844871,1.7172798,-6.8481725,2.2345477,0.1161384,0.6218408,-0.0598579
41.4345288,1.6981439,-6.8238011,2.2383044,0.1132163,0.624759,-0.0584427
41.4845705,1.6788215,-6.7993797,2.241984,0.1103629,0.6276571,-0.0570681
41.5346122,1.6593147,-6.7749088,2.2455877,0.1075762,0.6305342,-0.0557333
41.5846539,1.6396257,-6.7503892,2.2491166,0.1048543,0.6333891,-0.0544372
41.6346956,1.6197565,-6.7258216,2.252572,0.1021954,0.636221,-0.053179
41.6847373,1.5997094,-6.7012065,2.2559549,0.0995975,0.6390289,-0.0519578
41.734779,1.5794866,-6.6765447,2.2592664,0.0970589,0.6418119,-0.0507727
41.7848207,1.5590903,-6.6518369,2.2625076,0.0945777,0.6445692,-0.0496229
41.8348624,1.5385227,-6.6270838,2.2656796,0.0921524,0.6472997,-0.0485075
41.8849041,1.5177862,-6.6022859,2.2687833,0.0897811,0.6500027,-0.0474255
41.9349458,1.4968829,-6.577444,2.2718197,0.0874623,0.6526774,-0.0463763
41.9849875,1.4758152,-6.5525589,2.2747898,0.0851943,0.655323,-0.0453589
42.0350292,1.4545853,-6.5276311,2.2776946,0.0829757,0.6579387,-0.0443725
42.0850709,1.4331957,-6.5026613,2.280535,0.0808049,0.6605237,-0.0434164
42.1351126,1.4116487,-6.4776503,2.2833118,0.0786804,0.6630773,-0.0424898
42.1851543,1.3899466,-6.4525987,2.2860259,0.0766008,0.6655987,-0.0415918
42.235196,1.3680919,-6.4275072,2.2886781,0.0745647,0.6680874,-0.0407218
42.2852377,1.3460868,-6.4023765,2.2912694,0.0725707,0.6705426,-0.0398791
42.3352794,1.3239339,-6.3772073,2.2938005,0.0706176,0.6729636,-0.0390628
42.3853211,1.3016356,-6.3520002,2.2962721,0.068704,0.6753498,-0.0382724
42.4353628,1.2791943,-6.3267561,2.2986851,0.0668286,0.6777005,-0.0375071
42.4854045,1.2566125,-6.3014755,2.3010401,0.0649903,0.6800153,-0.0367663
42.5354462,1.2338926,-6.2761592,2.303338,0.0631878,0.6822934,-0.0360493
42.5854879,1.2110372,-6.2508078,2.3055793,0.0614201,0.6845343,-0.0353556
42.6355296,1.1880488,-6.2254221,2.3077648,0.0596858,0.6867374,-0.0346844
42.6855713,1.1649299,-6.2000027,2.3098951,0.0579841,0.6889023,-0.0340353
42.735613,1.141683,-6.1745504,2.3119709,0.0563137,0.6910283,-0.0334077
42.7856547,1.1183108,-6.1490658,2.3139928,0.0546736,0.693115,-0.032801
42.8356964,1.0948156,-6.1235496,2.3159614,0.0530629,0.6951618,-0.0322147
42.8857381,1.0712003,-6.0980027,2.3178773,0.0514805,0.6971683,-0.0316483
42.9357798,1.0474672,-6.0724255,2.319741,0.0499254,0.6991341,-0.0311012
42.9858215,1.0236191,-6.0468189,2.3215532,0.0483968,0.7010585,-0.030573
43.0358632,0.9996586,-6.0211836,2.3233143,0.0468936,0.7029413,-0.0300632
43.0859049,0.9755882,-5.9955202,2.3250248,0.0454151,0.7047819,-0.0295714
43.1359466,0.9514107,-5.9698295,2.3266853,0.0439602,0.70658,-0.0290971
43.1859883,0.9271287,-5.9441121,2.3282963,0.0425282,0.7083352,-0.02864
43.23603,0.9027449,-5.9183688,2.3298581,0.0411182,0.710047,-0.0281995
43.2860717,0.8782618,-5.8926003,2.3313714,0.0397295,0.7117151,-0.0277754
43.3361134,0.8536823,-5.8668073,2.3328364,0.0383611,0.7133391,-0.0273672
43.3861551,0.8290091,-5.8409905,2.3342537,0.0370124,0.7149187,-0.0269746
43.4361968,0.8042448,-5.8151506,2.3356236,0.0356825,0.7164535,-0.0265972
43.4862385,0.7793921,-5.7892883,2.3369465,0.0343708,0.7179432,-0.0262347
43.5362802,0.7544538,-5.7634043,2.3382229,0.0330764,0.7193875,-0.0258868
43.5863219,0.7294327,-5.7374994,2.339453,0.0317988,0.7207861,-0.0255532
43.6363636,0.7043314,-5.7115742,2.3406372,0.0305371,0.7221387,-0.0252336
43.6864053,0.6791528,-5.6856295,2.3417759,0.0292907,0.7234449,-0.0249276
43.736447,0.6538995,-5.6596659,2.3428694,0.028059,0.7247046,-0.0246351
43.7864887,0.6285744,-5.6336842,2.343918,0.0268412,0.7259174,-0.0243557
43.8365304,0.6031803,-5.6076852,2.344922,0.0256367,0.7270831,-0.0240893
43.8865721,0.57772,-5.5816694,2.3458816,0.0244449,0.7282015,-0.0238356
43.9366138,0.5521961,-5.5556377,2.3467972,0.0232652,0.7292724,-0.0235943
43.9866555,0.5266116,-5.5295907,2.347669,0.0220969,0.7302955,-0.0233653
44.0366972,0.5009693,-5.5035291,2.3484972,0.0209395,0.7312705,-0.0231483
44.0867389,0.475272,-5.4774538,2.3492821,0.0197924,0.7321974,-0.0229433
44.1367807,0.4495224,-5.4513653,2.3500239,0.0186549,0.733076,-0.0227499
44.1868224,0.4237234,-5.4252644,2.3507228,0.0175265,0.733906,-0.022568
44.2368641,0.397878,-5.3991519,2.351379,0.0164066,0.7346872,-0.0223975
44.2869058,0.3719888,-5.3730284,2.3519927,0.0152947,0.7354197,-0.0222381
44.3369475,0.3460587,-5.3468946,2.352564,0.0141902,0.7361031,-0.0220899
44.3869892,0.3200907,-5.3207513,2.3530932,0.0130926,0.7367373,-0.0219526
44.4370309,0.2940874,-5.2945992,2.3535802,0.0120013,0.7373223,-0.0218261
44.4870726,0.2680519,-5.2684391,2.3540254,0.0109157,0.7378579,-0.0217104
44.5371143,0.2419869,-5.2422715,2.3544288,0.0098355,0.738344,-0.0216053
44.587156,0.2158954,-5.2160973,2.3547905,0.0087599,0.7387805,-0.0215106
44.6371977,0.1897801,-5.1899172,2.3551106,0.0076886,0.7391673,-0.0214265
44.6872394,0.163644,-5.1637318,2.3553892,0.006621,0.7395043,-0.0213526
44.7372811,0.1374899,-5.137542,2.3556265,0.0055565,0.7397916,-0.0212891
44.7873228,0.1113207,-5.1113483,2.3558223,0.0044947,0.740029,-0.0212359
44.8373645,0.0851393,-5.0851516,2.3559769,0.0034351,0.7402164,-0.0211928
44.8874062,0.0589485,-5.0589526,2.3560902,0.0023771,0.7403539,-0.0211599
44.9374479,0.0327513,-5.032752,2.3561623,0.0013202,0.7404414,-0.0211372
44.9874896,0.0065504,-5.0065504,2.3561932,0.000264,0.7404789,-0.0211246
45.0375313,-0.0196511,-4.9803487,2.3561829,-0.0007921,0.7404664,-0.021122
45.087573,-0.0458505,-4.9541475,2.3561314,-0.0018486,0.7404039,-0.0211296
45.1376147,-0.0720449,-4.9279476,2.3560387,-0.0029059,0.7402914,-0.0211473
45.1876564,-0.0982314,-4.9017497,2.3559048,-0.0039647,0.7401289,-0.0211751
45.2376981,-0.124407,-4.8755544,2.3557296,-0.0050253,0.7399165,-0.0212131
45.2877398,-0.150569,-4.8493626,2.355513,-0.0060884,0.7396542,-0.0212612
45.3377815,-0.1767145,-4.8231749,2.3552551,-0.0071544,0.739342,-0.0213196
45.3878232,-0.2028405,-4.7969921,2.3549557,-0.0082238,0.7389801,-0.0213883
45.4378649,-0.2289443,-4.7708148,2.3546148,-0.0092972,0.7385684,-0.0214672
45.4879066,-0.2550229,-4.7446438,2.3542323,-0.010375,0.7381071,-0.0215566
45.5379483,-0.2810735,-4.7184799,2.3538081,-0.0114578,0.7375963,-0.0216565
45.58799,-0.3070933,-4.6923237,2.3533419,-0.0125462,0.737036,-0.0217669
45.6380317,-0.3330793,-4.6661759,2.3528339,-0.0136406,0.7364263,-0.021888
45.6880734,-0.3590287,-4.6400373,2.3522837,-0.0147416,0.7357675,-0.0220199
45.7381151,-0.3849387,-4.6139086,2.3516912,-0.0158497,0.7350596,-0.0221627
45.7881568,-0.4108063,-4.5877904,2.3510563,-0.0169655,0.7343027,-0.0223164
45.8381985,-0.4366289,-4.5616836,2.3503787,-0.0180896,0.7334971,-0.0224813
45.8882402,-0.4624035,-4.5355889,2.3496584,-0.0192224,0.7326428,-0.0226575
45.9382819,-0.4881273,-4.5095069,2.3488951,-0.0203647,0.73174,-0.0228451
45.9883236,-0.5137975,-4.4834383,2.3480885,-0.0215169,0.730789,-0.0230443
46.0383653,-0.5394113,-4.457384,2.3472386,-0.0226797,0.7297899,-0.0232553
46.088407,-0.5649658,-4.4313445,2.3463449,-0.0238536,0.7287429,-0.0234783
46.1384487,-0.5904582,-4.4053207,2.3454073,-0.0250393,0.7276483,-0.0237134
46.1884904,-0.6158858,-4.3793132,2.3444255,-0.0262373,0.7265062,-0.0239609
46.2385321,-0.6412458,-4.3533227,2.3433993,-0.0274484,0.7253169,-0.0242209
46.2885738,-0.6665353,-4.32735,2.3423283,-0.0286731,0.7240806,-0.0244938
46.3386155,-0.6917516,-4.3013958,2.3412122,-0.029912,0.7227976,-0.0247797
46.3886572,-0.7168919,-4.2754607,2.3400508,-0.031166,0.7214682,-0.0250789
46.4386989,-0.7419534,-4.2495456,2.3388437,-0.0324356,0.7200926,-0.0253916
46.4887406,-0.7669335,-4.223651,2.3375905,-0.0337215,0.7186711,-0.0257182
46.5387823,-0.7918293,-4.1977778,2.3362909,-0.0350244,0.717204,-0.026059
46.588824,-0.8166381,-4.1719266,2.3349445,-0.0363451,0.7156917,-0.0264141
46.6388657,-0.8413573,-4.1460982,2.333551,-0.0376843,0.7141345,-0.026784
46.6889074,-0.865984,-4.1202932,2.3321099,-0.0390428,0.7125326,-0.027169
46.7389491,-0.8905156,-4.0945123,2.3306208,-0.0404212,0.7108865,-0.0275693
46.7889908,-0.9149493,-4.0687563,2.3290833,-0.0418205,0.7091965,-0.0279854
46.8390325,-0.9392826,-4.0430259,2.327497,-0.0432414,0.707463,-0.0284177
46.8890742,-0.9635127,-4.0173218,2.3258613,-0.0446847,0.7056863,-0.0288664
46.9391159,-0.987637,-3.9916447,2.3241758,-0.0461513,0.7038669,-0.0293321
46.9891576,-1.0116527,-3.9659952,2.3224401,-0.0476421,0.7020051,-0.0298151
47.0391993,-1.0355574,-3.9403742,2.3206535,-0.0491579,0.7001015,-0.0303158
47.089241,-1.0593483,-3.9147822,2.3188157,-0.0506996,0.6981563,-0.0308348
47.1392827,-1.0830228,-3.88922,2.3169259,-0.0522682,0.6961702,-0.0313723
47.1893244,-1.1065784,-3.8636884,2.3149837,-0.0538647,0.6941434,-0.031929
47.2393661,-1.1300124,-3.8381879,2.3129886,-0.0554899,0.6920766,-0.0325054
47.2894078,-1.1533223,-3.8127194,2.3109398,-0.057145,0.6899702,-0.0331018
47.3394495,-1.1765055,-3.7872835,2.3088368,-0.058831,0.6878247,-0.0337189
47.3894912,-1.1995595,-3.7618808,2.306679,-0.0605488,0.6856406,-0.0343572
47.4395329,-1.2224817,-3.7365122,2.3044656,-0.0622997,0.6834185,-0.0350172
47.4895746,-1.2452696,-3.7111782,2.3021961,-0.0640847,0.6811589,-0.0356996
47.5396163,-1.2679208,-3.6858797,2.2998698,-0.0659049,0.6788624,-0.0364048
47.589658,-1.2904327,-3.6606172,2.2974859,-0.0677616,0.6765296,-0.0371337
47.6396997,-1.3128028,-3.6353916,2.2950437,-0.0696559,0.674161,-0.0378866
47.6897415,-1.3350287,-3.6102034,2.2925424,-0.0715892,0.6717574,-0.0386644
47.7397832,-1.357108,-3.5850533,2.2899813,-0.0735625,0.6693192,-0.0394677
47.7898249,-1.3790382,-3.5599421,2.2873597,-0.0755774,0.6668472,-0.0402971
47.8398666,-1.4008169,-3.5348705,2.2846766,-0.0776351,0.6643421,-0.0411534
47.8899083,-1.4224418,-3.5098391,2.2819312,-0.0797369,0.6618045,-0.0420373
47.93995,-1.4439104,-3.4848486,2.2791228,-0.0818844,0.6592351,-0.0429495
47.9899917,-1.4652204,-3.4598997,2.2762503,-0.0840789,0.6566346,-0.0438908
48.0400334,-1.4863694,-3.4349932,2.273313,-0.086322,0.6540039,-0.0448619
48.0900751,-1.5073552,-3.4101296,2.2703098,-0.0886152,0.6513437,-0.0458637
48.1401168,-1.5281754,-3.3853096,2.2672399,-0.0909601,0.6486547,-0.0468969
48.1901585,-1.5488278,-3.360534,2.2641022,-0.0933582,0.6459378,-0.0479624
48.2402002,-1.56931,-3.3358034,2.2608957,-0.0958112,0.6431938,-0.0490609
48.2902419,-1.5896198,-3.3111186,2.2576195,-0.0983209,0.6404236,-0.0501935
48.3402836,-1.6097551,-3.2864801,2.2542724,-0.1008889,0.637628,-0.0513608
48.3903253,-1.6297135,-3.2618886,2.2508534,-0.1035171,0.634808,-0.0525638
48.440367,-1.6494929,-3.2373449,2.2473614,-0.1062073,0.6319645,-0.0538034
48.4904087,-1.6690911,-3.2128496,2.2437953,-0.1089613,0.6290983,-0.0550804
48.5404504,-1.6885059,-3.1884034,2.2401538,-0.1117811,0.6262106,-0.0563958
48.5904921,-1.7077353,-3.1640069,2.2364358,-0.1146686,0.6233024,-0.0577504
48.6405338,-1.7267771,-3.1396608,2.2326401,-0.1176259,0.6203745,-0.0591452
48.6905755,-1.7456293,-3.1153658,2.2287654,-0.1206549,0.6174283,-0.060581
48.7406172,-1.7642896,-3.0911226,2.2248105,-0.1237579,0.6144646,-0.0620587
48.7906589,-1.7827562,-3.0669318,2.220774,-0.1269368,0.6114847,-0.0635792
48.8407006,-1.801027,-3.0427941,2.2166547,-0.130194,0.6084897,-0.0651435
48.8907423,-1.8190999,-3.0187101,2.212451,-0.1335316,0.6054808,-0.0667522
48.940784,-1.836973,-2.9946806,2.2081618,-0.1369519,0.6024592,-0.0684064
48.9908257,-1.8546444,-2.9707061,2.2037854,-0.1404573,0.5994262,-0.0701068
49.0408674,-1.872112,-2.9467873,2.1993205,-0.14405,0.5963831,-0.0718541
49.0909091,-1.8893739,-2.9229249,2.1947656,-0.1477324,0.5933312,-0.0736491
49.1409508,-1.9064284,-2.8991196,2.1901191,-0.1515071,0.5902719,-0.0754926
49.1909925,-1.9232734,-2.8753719,2.1853795,-0.1553763,0.5872065,-0.0773851
49.2410342,-1.9399071,-2.8516826,2.1805452,-0.1593427,0.5841366,-0.0793272
49.2910759,-1.9563278,-2.8280523,2.1756145,-0.1634087,0.5810636,-0.0813195
49.3411176,-1.9725336,-2.8044817,2.1705859,-0.1675768,0.577989,-0.0833623
49.3911593,-1.9885227,-2.7809713,2.1654576,-0.1718496,0.5749144,-0.0854561
49.441201,-2.0042934,-2.7575219,2.1602279,-0.1762296,0.5718414,-0.087601
49.4912427,-2.0198439,-2.734134,2.1548951,-0.1807195,0.5687717,-0.0897973
49.5412844,-2.0351726,-2.7108084,2.1494574,-0.1853217,0.565707,-0.0920449
49.5913261,-2.0502777,-2.6875456,2.1439129,-0.1900389,0.562649,-0.0943436
49.6413678,-2.0651576,-2.6643463,2.1382598,-0.1948736,0.5595994,-0.0966933
49.6914095,-2.0798106,-2.6412112,2.1324962,-0.1998282,0.5565602,-0.0990934
49.7414512,-2.0942352,-2.6181409,2.1266202,-0.2049054,0.5535332,-0.1015434
49.7914929,-2.1084297,-2.5951359,2.1206298,-0.2101075,0.5505204,-0.1040424
49.8415346,-2.1223927,-2.572197,2.1145232,-0.215437,0.5475236,-0.1065893
49.8915763,-2.1361225,-2.5493248,2.1082982,-0.2208961,0.544545,-0.1091829
49.941618,-2.1496177,-2.5265199,2.1019529,-0.2264872,0.5415865,-0.1118217
49.9916597,-2.1628767,-2.5037829,2.0954851,-0.2322124,0.5386504,-0.1145037
50.0417014,-2.1758982,-2.4811144,2.0888928,-0.2380738,0.5357387,-0.117227
50.0917431,-2.1886807,-2.4585151,2.082174,-0.2440732,0.5328536,-0.119989
50.1417848,-2.2012227,-2.4359856,2.0753263,-0.2502126,0.5299975,-0.122787
50.1918265,-2.213523,-2.4135265,2.0683478,-0.2564935,0.5271725,-0.1256179
50.2418682,-2.2255801,-2.3911385,2.0612361,-0.2629174,0.524381,-0.1284781
50.2919099,-2.2373927,-2.3688221,2.0539892,-0.2694856,0.5216253,-0.1313637
50.3419516,-2.2489596,-2.3465779,2.0466047,-0.2761991,0.5189078,-0.1342704
50.3919933,-2.2602795,-2.3244066,2.0390806,-0.2830587,0.516231,-0.1371934
50.442035,-2.271351,-2.3023088,2.0314145,-0.2900651,0.5135972,-0.1401274
50.4920767,-2.2821731,-2.2802851,2.0236042,-0.2972185,0.511009,-0.1430667
50.5421184,-2.2927445,-2.258336,2.0156474,-0.3045187,0.5084688,-0.146005
50.5921601,-2.303064,-2.2364623,2.007542,-0.3119655,0.5059791,-0.1489356
50.6422018,-2.3131306,-2.2146644,1.9992857,-0.3195581,0.5035423,-0.1518513
50.6922435,-2.3229431,-2.192943,1.9908762,-0.3272953,0.501161,-0.1547443
50.7422852,-2.3325004,-2.1712987,1.9823113,-0.3351756,0.4988375,-0.1576061
50.7923269,-2.3418015,-2.1497321,1.9735889,-0.343197,0.4965744,-0.1604281
50.8423686,-2.3508454,-2.1282438,1.9647068,-0.351357,0.4943741,-0.1632008
50.8924103,-2.359631,-2.1068343,1.9556628,-0.3596527,0.4922389,-0.1659143
50.942452,-2.3681575,-2.0855043,1.9464548,-0.3680806,0.4901711,-0.1685583
50.9924937,-2.3764238,-2.0642543,1.9370807,-0.3766367,0.488173,-0.1711219
51.0425354,-2.3844291,-2.0430849,1.9275386,-0.3853164,0.4862468,-0.1735938
51.0925771,-2.3921725,-2.0219968,1.9178264,-0.3941146,0.4843944,-0.1759624
51.1426188,-2.3996531,-2.0009904,1.9079424,-0.4030253,0.482618,-0.1782156
51.1926606,-2.4068701,-1.9800663,1.8978846,-0.4120424,0.4809194,-0.1803411
51.2427023,-2.4138228,-1.9592252,1.8876513,-0.4211587,0.4793001,-0.1823262
51.292744,-2.4205103,-1.9384676,1.8772409,-0.4303666,0.4777619,-0.1841583
51.3427857,-2.4269319,-1.9177941,1.8666518,-0.4396578,0.4763061,-0.1858243
51.3928274,-2.4330869,-1.8972052,1.8558826,-0.4490234,0.4749339,-0.1873115
51.4428691,-2.4389747,-1.8767015,1.844932,-0.4584537,0.4736463,-0.1886069
51.4929108,-2.4445946,-1.8562836,1.8337988,-0.4679386,0.4724441,-0.189698
51.5429525,-2.4499459,-1.835952,1.8224819,-0.4774673,0.4713278,-0.1905722
51.5929942,-2.4550281,-1.8157073,1.8109806,-0.4870281,0.4702978,-0.1912175
51.6430359,-2.4598407,-1.7955501,1.799294,-0.4966092,0.4693539,-0.1916222
51.6930776,-2.464383,-1.7754808,1.7874216,-0.506198,0.468496,-0.1917753
51.7431193,-2.4686547,-1.7555001,1.7753631,-0.5157813,0.4677236,-0.1916663
51.793161,-2.4726552,-1.7356085,1.7631184,-0.5253456,0.4670356,-0.1912856
51.8432027,-2.4763841,-1.7158066,1.7506875,-0.5348768,0.466431,-0.1906244
51.8932444,-2.4798409,-1.6960948,1.7380707,-0.5443605,0.4659082,-0.1896747
51.9432861,-2.4830254,-1.6764738,1.7252686,-0.553782,0.4654653,-0.1884298
51.9933278,-2.4859371,-1.656944,1.7122819,-0.5631262,0.4651002,-0.1868839
52.0433695,-2.4885758,-1.637506,1.6991119,-0.5723779,0.4648103,-0.1850324
52.0934112,-2.4909411,-1.6181604,1.6857597,-0.5815214,0.4645928,-0.1828718
52.1434529,-2.4930328,-1.5989077,1.672227,-0.5905414,0.4644443,-0.1804001
52.1934946,-2.4948506,-1.5797483,1.6585158,-0.5994223,0.4643613,-0.1776165
52.2435363,-2.4963944,-1.5606829,1.6446283,-0.6081483,0.46434,-0.1745213
52.293578,-2.497664,-1.5417119,1.6305671,-0.6167042,0.4643761,-0.1711164
52.3436197,-2.4986592,-1.5228359,1.6163351,-0.6250744,0.4644652,-0.1674047
52.3936614,-2.49938,-1.5040553,1.6019354,-0.6332439,0.4646025,-0.1633906
52.4437031,-2.4998262,-1.4853708,1.5873717,-0.6411979,0.464783,-0.1590797
52.4937448,-2.4999979,-1.4667828,1.5726479,-0.6489218,0.4650015,-0.1544787
52.5437865,-2.4998949,-1.4482918,1.5577682,-0.6564016,0.4652525,-0.1495954
52.5938282,-2.4995173,-1.4298983,1.5427372,-0.6636235,0.4655306,-0.1444387
52.6438699,-2.4988652,-1.4116029,1.5275599,-0.6705745,0.4658301,-0.1390187
52.6939116,-2.4979385,-1.3934061,1.5122416,-0.6772418,0.4661451,-0.133346
52.7439533,-2.4967375,-1.3753082,1.496788,-0.6836134,0.4664699,-0.1274324
52.793995,-2.4952623,-1.3573099,1.481205,-0.6896779,0.4667986,-0.1212904
52.8440367,-2.4935129,-1.3394117,1.465499,-0.6954246,0.4671256,-0.1149329
52.8940784,-2.4914897,-1.321614,1.4496765,-0.7008433,0.4674452,-0.1083737
52.9441201,-2.4891928,-1.3039172,1.4337446,-0.7059246,0.4677518,-0.1016269
52.9941618,-2.4866224,-1.286322,1.4177104,-0.71066,0.4680402,-0.0947072
53.0442035,-2.4837789,-1.2688288,1.4015815,-0.7150414,0.4683053,-0.0876295
53.0942452,-2.4806626,-1.251438,1.3853657,-0.7190619,0.4685422,-0.0804089
53.1442869,-2.4772738,-1.2341502,1.3690709,-0.7227149,0.4687464,-0.0730611
53.1943286,-2.4736129,-1.2169657,1.3527055,-0.725995,0.4689139,-0.0656014
53.2443703,-2.4696803,-1.1998852,1.3362777,-0.7288973,0.4690408,-0.0580458
53.294412,-2.4654763,-1.182909,1.3197964,-0.7314178,0.4691238,-0.0504098
53.3444537,-2.4610016,-1.1660377,1.30327,-0.7335533,0.46916,-0.0427094
53.3944954,-2.4562566,-1.1492716,1.2867077,-0.7353013,0.4691471,-0.0349602
53.4445371,-2.4512417,-1.1326113,1.2701182,-0.7366602,0.4690831,-0.0271779
53.4945788,-2.4459576,-1.1160572,1.2535105,-0.7376291,0.4689666,-0.0193782
53.5446205,-2.4404048,-1.0996097,1.2368938,-0.7382079,0.4687968,-0.0115766
53.5946622,-2.4345839,-1.0832693,1.2202771,-0.7383973,0.4685733,-0.0037885
53.6447039,-2.4284957,-1.0670365,1.2036693,-0.7381988,0.4682963,0.0039708
53.6947456,-2.4221406,-1.0509118,1.1870794,-0.7376145,0.4679665,0.0116863
53.7447873,-2.4155195,-1.0348954,1.1705163,-0.7366473,0.4675849,0.019343
53.794829,-2.4086331,-1.018988,1.1539887,-0.735301,0.4671535,0.0269261
53.8448707,-2.4014821,-1.0031898,1.1375052,-0.7335799,0.4666742,0.0344212
53.8949124,-2.3940673,-0.9875014,1.1210742,-0.7314893,0.4661497,0.0418139
53.9449541,-2.3863896,-0.9719233,1.1047039,-0.7290347,0.4655829,0.0490902
53.9949958,-2.3784497,-0.9564557,1.0884024,-0.7262229,0.4649773,0.0562364
54.0450375,-2.3702485,-0.9410992,1.0721774,-0.723061,0.4643365,0.0632391
54.0950792,-2.361787,-0.9258541,1.0560365,-0.7195567,0.4636647,0.0700852
54.1451209,-2.3530661,-0.9107209,1.0399868,-0.7157186,0.462966,0.0767619
54.1951626,-2.3440866,-0.8957,1.0240353,-0.7115558,0.462245,0.0832571
54.2452043,-2.3348498,-0.8807918,1.0081886,-0.7070778,0.4615063,0.089559
54.295246,-2.3253564,-0.8659968,0.992453,-0.702295,0.4607548,0.0956562
54.3452877,-2.3156076,-0.8513152,0.9768344,-0.6972181,0.4599955,0.1015382
54.3953294,-2.3056044,-0.8367476,0.9613386,-0.6918583,0.4592331,0.1071948
54.4453711,-2.295348,-0.8222943,0.9459708,-0.6862275,0.4584729,0.1126166
54.4954128,-2.2848395,-0.8079558,0.9307358,-0.6803378,0.4577195,0.1177951
54.5454545,-2.27408,-0.7937323,0.9156384,-0.6742016,0.4569781,0.1227222
54.5954962,-2.2630707,-0.7796244,0.9006827,-0.6678321,0.4562532,0.1273909
54.6455379,-2.2518128,-0.7656324,0.8858726,-0.6612423,0.4555496,0.1317951
54.6955796,-2.2403075,-0.7517566,0.8712117,-0.6544459,0.4548718,0.1359293
54.7456214,-2.2285562,-0.7379975,0.8567031,-0.6474564,0.4542239,0.1397892
54.7956631,-2.2165601,-0.7243555,0.8423497,-0.6402878,0.4536101,0.1433715
54.8457048,-2.2043205,-0.7108309,0.8281539,-0.6329542,0.4530342,0.1466737
54.8957465,-2.1918388,-0.697424,0.8141181,-0.6254694,0.4524998,0.1496945
54.9457882,-2.1791163,-0.6841353,0.800244,-0.6178478,0.4520102,0.1524333
54.9958299,-2.1661544,-0.6709651,0.7865333,-0.6101032,0.4515683,0.1548909
55.0458716,-2.1529546,-0.6579138,0.7729873,-0.6022498,0.451177,0.1570689
55.0959133,-2.1395183,-0.6449818,0.7596069,-0.5943013,0.4508387,0.1589698
55.145955,-2.125847,-0.6321693,0.7463929,-0.5862714,0.4505556,0.1605972
55.1959967,-2.1119422,-0.6194768,0.7333457,-0.5781737,0.4503295,0.1619555
55.2460384,-2.0978054,-0.6069046,0.7204657,-0.5700211,0.4501619,0.1630501
55.2960801,-2.0834382,-0.594453,0.7077528,-0.5618268,0.4500542,0.1638871
55.3461218,-2.0688421,-0.5821224,0.6952068,-0.5536031,0.4500073,0.1644734
55.3961635,-2.0540188,-0.5699131,0.6828273,-0.5453623,0.450022,0.1648165
55.4462052,-2.0389699,-0.5578255,0.6706135,-0.5371161,0.4500987,0.1649247
55.4962469,-2.0236969,-0.5458599,0.6585649,-0.5288757,0.4502377,0.1648068
55.5462886,-2.0082017,-0.5340166,0.6466803,-0.5206521,0.4504388,0.1644721
55.5963303,-1.9924859,-0.5222959,0.6349586,-0.5124556,0.4507019,0.1639302
55.646372,-1.9765513,-0.5106982,0.6233986,-0.504296,0.4510264,0.1631911
55.6964137,-1.9603995,-0.4992237,0.6119988,-0.4961828,0.4514116,0.1622652
55.7464554,-1.9440324,-0.4878729,0.6007576,-0.4881246,0.4518568,0.1611629
55.7964971,-1.9274517,-0.476646,0.5896735,-0.4801299,0.4523608,0.1598947
55.8465388,-1.9106593,-0.4655433,0.5787447,-0.4722063,0.4529224,0.1584714
55.8965805,-1.8936571,-0.4545651,0.5679693,-0.4643612,0.4535403,0.1569035
55.9466222,-1.8764468,-0.4437117,0.5573453,-0.4566011,0.4542131,0.1552016
55.9966639,-1.8590304,-0.4329835,0.5468707,-0.4489323,0.454939,0.1533762
56.0467056,-1.8414099,-0.4223806,0.5365435,-0.4413604,0.4557165,0.1514375
56.0967473,-1.823587,-0.4119035,0.5263615,-0.4338906,0.4565437,0.1493956
56.146789,-1.8055638,-0.4015524,0.5163225,-0.4265276,0.4574188,0.1472602
56.1968307,-1.7873424,-0.3913276,0.5064242,-0.4192756,0.4583398,0.1450407
56.2468724,-1.7689245,-0.3812293,0.4966643,-0.4121383,0.4593047,0.1427464
56.2969141,-1.7503124,-0.3712578,0.4870406,-0.405119,0.4603116,0.140386
56.3469558,-1.731508,-0.3614135,0.4775506,-0.3982206,0.4613582,0.137968
56.3969975,-1.7125134,-0.3516965,0.468192,-0.3914455,0.4624426,0.1355003
56.4470392,-1.6933307,-0.3421072,0.4589623,-0.384796,0.4635625,0.1329907
56.4970809,-1.6739621,-0.3326458,0.4498593,-0.3782737,0.4647159,0.1304462
56.5471226,-1.6544095,-0.3233126,0.4408804,-0.37188,0.4659006,0.1278738
56.5971643,-1.6346752,-0.3141078,0.4320233,-0.365616,0.4671145,0.1252799
56.647206,-1.6147613,-0.3050317,0.4232855,-0.3594825,0.4683554,0.1226704
56.6972477,-1.5946701,-0.2960845,0.4146646,-0.3534799,0.4696213,0.1200509
56.7472894,-1.5744037,-0.2872665,0.4061582,-0.3476086,0.47091,0.1174265
56.7973311,-1.5539644,-0.2785779,0.3977638,-0.3418685,0.4722194,0.1148022
56.8473728,-1.5333543,-0.270019,0.3894792,-0.3362594,0.4735475,0.1121823
56.8974145,-1.5125759,-0.2615899,0.3813019,-0.3307809,0.4748924,0.1095708
56.9474562,-1.4916313,-0.253291,0.3732295,-0.3254323,0.4762519,0.1069715
56.9974979,-1.4705228,-0.2451224,0.3652597,-0.3202129,0.4776241,0.1043878
57.0475396,-1.4492528,-0.2370844,0.3573901,-0.3151218,0.4790071,0.1018226
57.0975813,-1.4278237,-0.2291772,0.3496185,-0.3101578,0.4803991,0.0992787
57.147623,-1.4062376,-0.221401,0.3419426,-0.3053199,0.4817982,0.0967585
57.1976647,-1.3844972,-0.2137561,0.33436,-0.3006067,0.4832025,0.0942643
57.2477064,-1.3626046,-0.2062425,0.3268686,-0.2960168,0.4846104,0.0917979
57.2977481,-1.3405624,-0.1988607,0.3194662,-0.2915487,0.4860201,0.089361
57.3477898,-1.3183729,-0.1916106,0.3121504,-0.287201,0.48743,0.086955
57.3978315,-1.2960386,-0.1844926,0.3049192,-0.2829719,0.4888383,0.0845812
57.4478732,-1.2735619,-0.1775069,0.2977705,-0.2788599,0.4902436,0.0822405
57.4979149,-1.2509454,-0.1706535,0.290702,-0.2748632,0.4916443,0.0799338
57.5479566,-1.2281914,-0.1639328,0.2837118,-0.2709801,0.4930389,0.0776618
57.5979983,-1.2053025,-0.1573449,0.2767977,-0.2672089,0.4944259,0.0754249
57.64804,-1.1822812,-0.15089,0.2699577,-0.2635477,0.4958039,0.0732235
57.6980817,-1.1591301,-0.1445683,0.2631898,-0.2599948,0.4971716,0.0710579
57.7481234,-1.1358516,-0.1383799,0.2564921,-0.2565484,0.4985276,0.0689281
57.7981651,-1.1124484,-0.132325,0.2498625,-0.2532067,0.4998707,0.0668341
57.8482068,-1.088923,-0.1264037,0.2432991,-0.2499679,0.5011996,0.0647758
57.8982485,-1.0652779,-0.1206163,0.2368001,-0.2468303,0.5025131,0.062753
57.9482902,-1.0415159,-0.1149629,0.2303635,-0.243792,0.5038101,0.0607653
57.9983319,-1.0176394,-0.1094437,0.2239876,-0.2408514,0.5050893,0.0588124
58.0483736,-0.9936512,-0.1040587,0.2176704,-0.2380067,0.5063498,0.0568939
58.0984153,-0.9695538,-0.0988082,0.2114102,-0.2352562,0.5075905,0.0550092
58.148457,-0.9453499,-0.0936923,0.2052052,-0.2325983,0.5088104,0.0531578
58.1984987,-0.9210422,-0.0887111,0.1990536,-0.2300314,0.5100085,0.051339
58.2485405,-0.8966333,-0.0838648,0.1929537,-0.2275538,0.5111839,0.0495522
58.2985822,-0.8721259,-0.0791535,0.1869039,-0.2251639,0.5123356,0.0477966
58.3486239,-0.8475227,-0.0745773,0.1809024,-0.2228604,0.5134628,0.0460716
58.3986656,-0.8228264,-0.0701364,0.1749475,-0.2206415,0.5145647,0.0443764
58.4487073,-0.7980398,-0.0658308,0.1690377,-0.218506,0.5156405,0.0427101
58.498749,-0.7731654,-0.0616608,0.1631713,-0.2164524,0.5166893,0.041072
58.5487907,-0.7482062,-0.0576264,0.1573467,-0.2144794,0.5177105,0.0394612
58.5988324,-0.7231648,-0.0537277,0.1515623,-0.2125855,0.5187033,0.0378769
58.6488741,-0.6980439,-0.0499648,0.1458165,-0.2107696,0.5196671,0.0363181
58.6989158,-0.6728463,-0.0463379,0.1401079,-0.2090304,0.5206013,0.0347841
58.7489575,-0.6475749,-0.042847,0.1344349,-0.2073667,0.5215051,0.0332738
58.7989992,-0.6222323,-0.0394922,0.1287959,-0.2057774,0.522378,0.0317865
58.8490409,-0.5968213,-0.0362736,0.1231896,-0.2042613,0.5232194,0.0303212
58.8990826,-0.5713448,-0.0331914,0.1176143,-0.2028175,0.5240289,0.028877
58.9491243,-0.5458056,-0.0302456,0.1120688,-0.2014448,0.5248058,0.027453
58.999166,-0.5202064,-0.0274362,0.1065514,-0.2001424,0.5255498,0.0260483
59.0492077,-0.49455,-0.0247634,0.1010608,-0.1989093,0.5262602,0.024662
59.0992494,-0.4688393,-0.0222272,0.0955956,-0.1977447,0.5269368,0.0232931
59.1492911,-0.4430772,-0.0198277,0.0901543,-0.1966476,0.5275791,0.0219407
59.1993328,-0.4172663,-0.0175649,0.0847355,-0.1956174,0.5281867,0.020604
59.2493745,-0.3914096,-0.015439,0.079338,-0.1946533,0.5287593,0.0192819
59.2994162,-0.36551,-0.01345,0.0739602,-0.1937546,0.5292964,0.0179737
59.3494579,-0.3395702,-0.0115979,0.0686009,-0.1929207,0.5297979,0.0166784
59.3994996,-0.313593,-0.0098828,0.0632586,-0.192151,0.5302634,0.015395
59.4495413,-0.2875815,-0.0083047,0.0579321,-0.1914448,0.5306926,0.0141228
59.499583,-0.2615383,-0.0068638,0.05262,-0.1908018,0.5310853,0.0128607
59.5496247,-0.2354664,-0.0055599,0.0473209,-0.1902214,0.5314413,0.0116079
59.5996664,-0.2093687,-0.0043932,0.0420335,-0.1897032,0.5317603,0.0103636
59.6497081,-0.1832479,-0.0033636,0.0367566,-0.1892469,0.5320422,0.0091267
59.6997498,-0.157107,-0.0024713,0.0314888,-0.1888521,0.5322869,0.0078964
59.7497915,-0.1309489,-0.0017162,0.0262288,-0.1885185,0.5324941,0.0066719
59.7998332,-0.1047764,-0.0010984,0.0209752,-0.1882459,0.5326639,0.0054522
59.8498749,-0.0785924,-0.0006179,0.0157269,-0.188034,0.532796,0.0042365
59.8999166,-0.0523997,-0.0002746,0.0104824,-0.1878828,0.5328904,0.0030239
59.9499583,-0.0262013,-6.87e-05,0.0052406,-0.1877922,0.5329471,0.0018135
60,-0,0,0,-0.1877619,0.5329659,0.0006043
